timestamp,commit_sha,gpu,kernel,variant,batch,dtype,kernel_name,metric,unit,value
2026-08-16T17:49:40.497431+00:00,ae221bd,NVIDIA GeForce GTX 1650 Ti,layernorm_residual,triton,128,float32,_layernorm_kernel,dram__bytes_read.sum,byte,6312736
2026-08-16T17:49:40.497431+00:00,ae221bd,NVIDIA GeForce GTX 1650 Ti,layernorm_residual,triton,128,float32,_layernorm_kernel,dram__bytes_write.sum,byte,6002656
2026-08-16T17:49:40.497431+00:00,ae221bd,NVIDIA GeForce GTX 1650 Ti,layernorm_residual,triton,128,float32,_layernorm_kernel,l1tex__t_bytes_pipe_lsu_mem_local_op_ld.sum,byte,0
2026-08-16T17:49:40.497431+00:00,ae221bd,NVIDIA GeForce GTX 1650 Ti,layernorm_residual,triton,128,float32,_layernorm_kernel,l1tex__t_bytes_pipe_lsu_mem_local_op_st.sum,byte,0
2026-08-16T17:49:40.497431+00:00,ae221bd,NVIDIA GeForce GTX 1650 Ti,layernorm_residual,triton,128,float32,_layernorm_kernel,l1tex__t_sector_hit_rate.pct,%,49.90
2026-08-16T17:49:40.497431+00:00,ae221bd,NVIDIA GeForce GTX 1650 Ti,layernorm_residual,triton,128,float32,_layernorm_kernel,launch__registers_per_thread,register/thread,28
2026-08-16T17:49:40.497431+00:00,ae221bd,NVIDIA GeForce GTX 1650 Ti,layernorm_residual,triton,128,float32,_layernorm_kernel,sm__warps_active.avg.pct_of_peak_sustained_active,%,92.00
2026-08-16T17:49:40.497431+00:00,ae221bd,NVIDIA GeForce GTX 1650 Ti,layernorm_residual,triton,128,float32,"void at::native::vectorized_elementwise_kernel<(int)4, at::native::CUDAFunctor_add<float>, std::array<char *, (unsigned long)3>>(int, T2, T3)",dram__bytes_read.sum,byte,12592960
2026-08-16T17:49:40.497431+00:00,ae221bd,NVIDIA GeForce GTX 1650 Ti,layernorm_residual,triton,128,float32,"void at::native::vectorized_elementwise_kernel<(int)4, at::native::CUDAFunctor_add<float>, std::array<char *, (unsigned long)3>>(int, T2, T3)",dram__bytes_write.sum,byte,6011424
2026-08-16T17:49:40.497431+00:00,ae221bd,NVIDIA GeForce GTX 1650 Ti,layernorm_residual,triton,128,float32,"void at::native::vectorized_elementwise_kernel<(int)4, at::native::CUDAFunctor_add<float>, std::array<char *, (unsigned long)3>>(int, T2, T3)",l1tex__t_bytes_pipe_lsu_mem_local_op_ld.sum,byte,0
2026-08-16T17:49:40.497431+00:00,ae221bd,NVIDIA GeForce GTX 1650 Ti,layernorm_residual,triton,128,float32,"void at::native::vectorized_elementwise_kernel<(int)4, at::native::CUDAFunctor_add<float>, std::array<char *, (unsigned long)3>>(int, T2, T3)",l1tex__t_bytes_pipe_lsu_mem_local_op_st.sum,byte,0
2026-08-16T17:49:40.497431+00:00,ae221bd,NVIDIA GeForce GTX 1650 Ti,layernorm_residual,triton,128,float32,"void at::native::vectorized_elementwise_kernel<(int)4, at::native::CUDAFunctor_add<float>, std::array<char *, (unsigned long)3>>(int, T2, T3)",l1tex__t_sector_hit_rate.pct,%,0
2026-08-16T17:49:40.497431+00:00,ae221bd,NVIDIA GeForce GTX 1650 Ti,layernorm_residual,triton,128,float32,"void at::native::vectorized_elementwise_kernel<(int)4, at::native::CUDAFunctor_add<float>, std::array<char *, (unsigned long)3>>(int, T2, T3)",launch__registers_per_thread,register/thread,40
2026-08-16T17:49:40.497431+00:00,ae221bd,NVIDIA GeForce GTX 1650 Ti,layernorm_residual,triton,128,float32,"void at::native::vectorized_elementwise_kernel<(int)4, at::native::CUDAFunctor_add<float>, std::array<char *, (unsigned long)3>>(int, T2, T3)",sm__warps_active.avg.pct_of_peak_sustained_active,%,82.99
2026-08-16T17:49:44.090670+00:00,ae221bd,NVIDIA GeForce GTX 1650 Ti,layernorm_residual,triton_residual,128,float32,_layernorm_residual_kernel,dram__bytes_read.sum,byte,12599456
2026-08-16T17:49:44.090670+00:00,ae221bd,NVIDIA GeForce GTX 1650 Ti,layernorm_residual,triton_residual,128,float32,_layernorm_residual_kernel,dram__bytes_write.sum,byte,12274816
2026-08-16T17:49:44.090670+00:00,ae221bd,NVIDIA GeForce GTX 1650 Ti,layernorm_residual,triton_residual,128,float32,_layernorm_residual_kernel,l1tex__t_bytes_pipe_lsu_mem_local_op_ld.sum,byte,0
2026-08-16T17:49:44.090670+00:00,ae221bd,NVIDIA GeForce GTX 1650 Ti,layernorm_residual,triton_residual,128,float32,_layernorm_residual_kernel,l1tex__t_bytes_pipe_lsu_mem_local_op_st.sum,byte,0
2026-08-16T17:49:44.090670+00:00,ae221bd,NVIDIA GeForce GTX 1650 Ti,layernorm_residual,triton_residual,128,float32,_layernorm_residual_kernel,l1tex__t_sector_hit_rate.pct,%,33.27
2026-08-16T17:49:44.090670+00:00,ae221bd,NVIDIA GeForce GTX 1650 Ti,layernorm_residual,triton_residual,128,float32,_layernorm_residual_kernel,launch__registers_per_thread,register/thread,27
2026-08-16T17:49:44.090670+00:00,ae221bd,NVIDIA GeForce GTX 1650 Ti,layernorm_residual,triton_residual,128,float32,_layernorm_residual_kernel,sm__warps_active.avg.pct_of_peak_sustained_active,%,93.63
2026-08-16T17:57:36.603285+00:00,da7c74e,NVIDIA GeForce GTX 1650 Ti,linear_gelu,triton,128,float32,_gelu_kernel,dram__bytes_read.sum,byte,25184672
2026-08-16T17:57:36.603285+00:00,da7c74e,NVIDIA GeForce GTX 1650 Ti,linear_gelu,triton,128,float32,_gelu_kernel,dram__bytes_write.sum,byte,24831328
2026-08-16T17:57:36.603285+00:00,da7c74e,NVIDIA GeForce GTX 1650 Ti,linear_gelu,triton,128,float32,_gelu_kernel,l1tex__t_bytes_pipe_lsu_mem_local_op_ld.sum,byte,0
2026-08-16T17:57:36.603285+00:00,da7c74e,NVIDIA GeForce GTX 1650 Ti,linear_gelu,triton,128,float32,_gelu_kernel,l1tex__t_bytes_pipe_lsu_mem_local_op_st.sum,byte,0
2026-08-16T17:57:36.603285+00:00,da7c74e,NVIDIA GeForce GTX 1650 Ti,linear_gelu,triton,128,float32,_gelu_kernel,l1tex__t_sector_hit_rate.pct,%,0
2026-08-16T17:57:36.603285+00:00,da7c74e,NVIDIA GeForce GTX 1650 Ti,linear_gelu,triton,128,float32,_gelu_kernel,launch__registers_per_thread,register/thread,27
2026-08-16T17:57:36.603285+00:00,da7c74e,NVIDIA GeForce GTX 1650 Ti,linear_gelu,triton,128,float32,_gelu_kernel,sm__warps_active.avg.pct_of_peak_sustained_active,%,91.20
2026-08-16T17:57:36.603285+00:00,da7c74e,NVIDIA GeForce GTX 1650 Ti,linear_gelu,triton,128,float32,_linear_kernel,dram__bytes_read.sum,byte,76467296
2026-08-16T17:57:36.603285+00:00,da7c74e,NVIDIA GeForce GTX 1650 Ti,linear_gelu,triton,128,float32,_linear_kernel,dram__bytes_write.sum,byte,24950752
2026-08-16T17:57:36.603285+00:00,da7c74e,NVIDIA GeForce GTX 1650 Ti,linear_gelu,triton,128,float32,_linear_kernel,l1tex__t_bytes_pipe_lsu_mem_local_op_ld.sum,byte,0
2026-08-16T17:57:36.603285+00:00,da7c74e,NVIDIA GeForce GTX 1650 Ti,linear_gelu,triton,128,float32,_linear_kernel,l1tex__t_bytes_pipe_lsu_mem_local_op_st.sum,byte,0
2026-08-16T17:57:36.603285+00:00,da7c74e,NVIDIA GeForce GTX 1650 Ti,linear_gelu,triton,128,float32,_linear_kernel,l1tex__t_sector_hit_rate.pct,%,1.03
2026-08-16T17:57:36.603285+00:00,da7c74e,NVIDIA GeForce GTX 1650 Ti,linear_gelu,triton,128,float32,_linear_kernel,launch__registers_per_thread,register/thread,128
2026-08-16T17:57:36.603285+00:00,da7c74e,NVIDIA GeForce GTX 1650 Ti,linear_gelu,triton,128,float32,_linear_kernel,sm__warps_active.avg.pct_of_peak_sustained_active,%,49.37
2026-08-16T17:57:40.300883+00:00,da7c74e,NVIDIA GeForce GTX 1650 Ti,linear_gelu,triton_gelu,128,float32,_linear_gelu_kernel,dram__bytes_read.sum,byte,76466400
2026-08-16T17:57:40.300883+00:00,da7c74e,NVIDIA GeForce GTX 1650 Ti,linear_gelu,triton_gelu,128,float32,_linear_gelu_kernel,dram__bytes_write.sum,byte,24913056
2026-08-16T17:57:40.300883+00:00,da7c74e,NVIDIA GeForce GTX 1650 Ti,linear_gelu,triton_gelu,128,float32,_linear_gelu_kernel,l1tex__t_bytes_pipe_lsu_mem_local_op_ld.sum,byte,0
2026-08-16T17:57:40.300883+00:00,da7c74e,NVIDIA GeForce GTX 1650 Ti,linear_gelu,triton_gelu,128,float32,_linear_gelu_kernel,l1tex__t_bytes_pipe_lsu_mem_local_op_st.sum,byte,0
2026-08-16T17:57:40.300883+00:00,da7c74e,NVIDIA GeForce GTX 1650 Ti,linear_gelu,triton_gelu,128,float32,_linear_gelu_kernel,l1tex__t_sector_hit_rate.pct,%,0.98
2026-08-16T17:57:40.300883+00:00,da7c74e,NVIDIA GeForce GTX 1650 Ti,linear_gelu,triton_gelu,128,float32,_linear_gelu_kernel,launch__registers_per_thread,register/thread,168
2026-08-16T17:57:40.300883+00:00,da7c74e,NVIDIA GeForce GTX 1650 Ti,linear_gelu,triton_gelu,128,float32,_linear_gelu_kernel,sm__warps_active.avg.pct_of_peak_sustained_active,%,37.18
2026-08-16T18:05:03.740896+00:00,cdec30b,NVIDIA GeForce GTX 1650 Ti,attention,triton_composed,128,float32,volta_sgemm_64x64_tn,dram__bytes_read.sum,byte,24016768
2026-08-16T18:05:03.740896+00:00,cdec30b,NVIDIA GeForce GTX 1650 Ti,attention,triton_composed,128,float32,volta_sgemm_64x64_tn,dram__bytes_write.sum,byte,6017440
2026-08-16T18:05:03.740896+00:00,cdec30b,NVIDIA GeForce GTX 1650 Ti,attention,triton_composed,128,float32,volta_sgemm_64x64_tn,l1tex__t_bytes_pipe_lsu_mem_local_op_ld.sum,byte,0
2026-08-16T18:05:03.740896+00:00,cdec30b,NVIDIA GeForce GTX 1650 Ti,attention,triton_composed,128,float32,volta_sgemm_64x64_tn,l1tex__t_bytes_pipe_lsu_mem_local_op_st.sum,byte,0
2026-08-16T18:05:03.740896+00:00,cdec30b,NVIDIA GeForce GTX 1650 Ti,attention,triton_composed,128,float32,volta_sgemm_64x64_tn,l1tex__t_sector_hit_rate.pct,%,0
2026-08-16T18:05:03.740896+00:00,cdec30b,NVIDIA GeForce GTX 1650 Ti,attention,triton_composed,128,float32,volta_sgemm_64x64_tn,launch__registers_per_thread,register/thread,126
2026-08-16T18:05:03.740896+00:00,cdec30b,NVIDIA GeForce GTX 1650 Ti,attention,triton_composed,128,float32,volta_sgemm_64x64_tn,sm__warps_active.avg.pct_of_peak_sustained_active,%,41.28
2026-08-16T18:05:03.740896+00:00,cdec30b,NVIDIA GeForce GTX 1650 Ti,attention,triton_composed,128,float32,"void at::native::vectorized_elementwise_kernel<(int)4, at::native::AUnaryFunctor<float, float, float, at::native::binary_internal::MulFunctor<float>>, std::array<char *, (unsigned long)2>>(int, T2, T3)",dram__bytes_read.sum,byte,6299904
2026-08-16T18:05:03.740896+00:00,cdec30b,NVIDIA GeForce GTX 1650 Ti,attention,triton_composed,128,float32,"void at::native::vectorized_elementwise_kernel<(int)4, at::native::AUnaryFunctor<float, float, float, at::native::binary_internal::MulFunctor<float>>, std::array<char *, (unsigned long)2>>(int, T2, T3)",dram__bytes_write.sum,byte,5956512
2026-08-16T18:05:03.740896+00:00,cdec30b,NVIDIA GeForce GTX 1650 Ti,attention,triton_composed,128,float32,"void at::native::vectorized_elementwise_kernel<(int)4, at::native::AUnaryFunctor<float, float, float, at::native::binary_internal::MulFunctor<float>>, std::array<char *, (unsigned long)2>>(int, T2, T3)",l1tex__t_bytes_pipe_lsu_mem_local_op_ld.sum,byte,0
2026-08-16T18:05:03.740896+00:00,cdec30b,NVIDIA GeForce GTX 1650 Ti,attention,triton_composed,128,float32,"void at::native::vectorized_elementwise_kernel<(int)4, at::native::AUnaryFunctor<float, float, float, at::native::binary_internal::MulFunctor<float>>, std::array<char *, (unsigned long)2>>(int, T2, T3)",l1tex__t_bytes_pipe_lsu_mem_local_op_st.sum,byte,0
2026-08-16T18:05:03.740896+00:00,cdec30b,NVIDIA GeForce GTX 1650 Ti,attention,triton_composed,128,float32,"void at::native::vectorized_elementwise_kernel<(int)4, at::native::AUnaryFunctor<float, float, float, at::native::binary_internal::MulFunctor<float>>, std::array<char *, (unsigned long)2>>(int, T2, T3)",l1tex__t_sector_hit_rate.pct,%,0
2026-08-16T18:05:03.740896+00:00,cdec30b,NVIDIA GeForce GTX 1650 Ti,attention,triton_composed,128,float32,"void at::native::vectorized_elementwise_kernel<(int)4, at::native::AUnaryFunctor<float, float, float, at::native::binary_internal::MulFunctor<float>>, std::array<char *, (unsigned long)2>>(int, T2, T3)",launch__registers_per_thread,register/thread,27
2026-08-16T18:05:03.740896+00:00,cdec30b,NVIDIA GeForce GTX 1650 Ti,attention,triton_composed,128,float32,"void at::native::vectorized_elementwise_kernel<(int)4, at::native::AUnaryFunctor<float, float, float, at::native::binary_internal::MulFunctor<float>>, std::array<char *, (unsigned long)2>>(int, T2, T3)",sm__warps_active.avg.pct_of_peak_sustained_active,%,84.13
2026-08-16T18:05:03.740896+00:00,cdec30b,NVIDIA GeForce GTX 1650 Ti,attention,triton_composed,128,float32,_softmax_kernel,dram__bytes_read.sum,byte,6360480
2026-08-16T18:05:03.740896+00:00,cdec30b,NVIDIA GeForce GTX 1650 Ti,attention,triton_composed,128,float32,_softmax_kernel,dram__bytes_write.sum,byte,5994464
2026-08-16T18:05:03.740896+00:00,cdec30b,NVIDIA GeForce GTX 1650 Ti,attention,triton_composed,128,float32,_softmax_kernel,l1tex__t_bytes_pipe_lsu_mem_local_op_ld.sum,byte,0
2026-08-16T18:05:03.740896+00:00,cdec30b,NVIDIA GeForce GTX 1650 Ti,attention,triton_composed,128,float32,_softmax_kernel,l1tex__t_bytes_pipe_lsu_mem_local_op_st.sum,byte,0
2026-08-16T18:05:03.740896+00:00,cdec30b,NVIDIA GeForce GTX 1650 Ti,attention,triton_composed,128,float32,_softmax_kernel,l1tex__t_sector_hit_rate.pct,%,33.33
2026-08-16T18:05:03.740896+00:00,cdec30b,NVIDIA GeForce GTX 1650 Ti,attention,triton_composed,128,float32,_softmax_kernel,launch__registers_per_thread,register/thread,18
2026-08-16T18:05:03.740896+00:00,cdec30b,NVIDIA GeForce GTX 1650 Ti,attention,triton_composed,128,float32,_softmax_kernel,sm__warps_active.avg.pct_of_peak_sustained_active,%,90.61
2026-08-16T18:05:03.740896+00:00,cdec30b,NVIDIA GeForce GTX 1650 Ti,attention,triton_composed,128,float32,volta_sgemm_64x64_nn,dram__bytes_read.sum,byte,15646336
2026-08-16T18:05:03.740896+00:00,cdec30b,NVIDIA GeForce GTX 1650 Ti,attention,triton_composed,128,float32,volta_sgemm_64x64_nn,dram__bytes_write.sum,byte,6014368
2026-08-16T18:05:03.740896+00:00,cdec30b,NVIDIA GeForce GTX 1650 Ti,attention,triton_composed,128,float32,volta_sgemm_64x64_nn,l1tex__t_bytes_pipe_lsu_mem_local_op_ld.sum,byte,0
2026-08-16T18:05:03.740896+00:00,cdec30b,NVIDIA GeForce GTX 1650 Ti,attention,triton_composed,128,float32,volta_sgemm_64x64_nn,l1tex__t_bytes_pipe_lsu_mem_local_op_st.sum,byte,0
2026-08-16T18:05:03.740896+00:00,cdec30b,NVIDIA GeForce GTX 1650 Ti,attention,triton_composed,128,float32,volta_sgemm_64x64_nn,l1tex__t_sector_hit_rate.pct,%,0
2026-08-16T18:05:03.740896+00:00,cdec30b,NVIDIA GeForce GTX 1650 Ti,attention,triton_composed,128,float32,volta_sgemm_64x64_nn,launch__registers_per_thread,register/thread,126
2026-08-16T18:05:03.740896+00:00,cdec30b,NVIDIA GeForce GTX 1650 Ti,attention,triton_composed,128,float32,volta_sgemm_64x64_nn,sm__warps_active.avg.pct_of_peak_sustained_active,%,40.69
2026-08-16T18:30:54.516710+00:00,e030520,NVIDIA GeForce GTX 1650 Ti,attention,triton_composed,128,float32,volta_sgemm_64x64_tn,dram__bytes_read.sum,byte,23962112
2026-08-16T18:30:54.516710+00:00,e030520,NVIDIA GeForce GTX 1650 Ti,attention,triton_composed,128,float32,volta_sgemm_64x64_tn,dram__bytes_write.sum,byte,5991488
2026-08-16T18:30:54.516710+00:00,e030520,NVIDIA GeForce GTX 1650 Ti,attention,triton_composed,128,float32,volta_sgemm_64x64_tn,l1tex__t_bytes_pipe_lsu_mem_local_op_ld.sum,byte,0
2026-08-16T18:30:54.516710+00:00,e030520,NVIDIA GeForce GTX 1650 Ti,attention,triton_composed,128,float32,volta_sgemm_64x64_tn,l1tex__t_bytes_pipe_lsu_mem_local_op_st.sum,byte,0
2026-08-16T18:30:54.516710+00:00,e030520,NVIDIA GeForce GTX 1650 Ti,attention,triton_composed,128,float32,volta_sgemm_64x64_tn,l1tex__t_sector_hit_rate.pct,%,0
2026-08-16T18:30:54.516710+00:00,e030520,NVIDIA GeForce GTX 1650 Ti,attention,triton_composed,128,float32,volta_sgemm_64x64_tn,launch__registers_per_thread,register/thread,126
2026-08-16T18:30:54.516710+00:00,e030520,NVIDIA GeForce GTX 1650 Ti,attention,triton_composed,128,float32,volta_sgemm_64x64_tn,sm__warps_active.avg.pct_of_peak_sustained_active,%,41.32
2026-08-16T18:30:54.516710+00:00,e030520,NVIDIA GeForce GTX 1650 Ti,attention,triton_composed,128,float32,"void at::native::vectorized_elementwise_kernel<(int)4, at::native::AUnaryFunctor<float, float, float, at::native::binary_internal::MulFunctor<float>>, std::array<char *, (unsigned long)2>>(int, T2, T3)",dram__bytes_read.sum,byte,6299968
2026-08-16T18:30:54.516710+00:00,e030520,NVIDIA GeForce GTX 1650 Ti,attention,triton_composed,128,float32,"void at::native::vectorized_elementwise_kernel<(int)4, at::native::AUnaryFunctor<float, float, float, at::native::binary_internal::MulFunctor<float>>, std::array<char *, (unsigned long)2>>(int, T2, T3)",dram__bytes_write.sum,byte,5943616
2026-08-16T18:30:54.516710+00:00,e030520,NVIDIA GeForce GTX 1650 Ti,attention,triton_composed,128,float32,"void at::native::vectorized_elementwise_kernel<(int)4, at::native::AUnaryFunctor<float, float, float, at::native::binary_internal::MulFunctor<float>>, std::array<char *, (unsigned long)2>>(int, T2, T3)",l1tex__t_bytes_pipe_lsu_mem_local_op_ld.sum,byte,0
2026-08-16T18:30:54.516710+00:00,e030520,NVIDIA GeForce GTX 1650 Ti,attention,triton_composed,128,float32,"void at::native::vectorized_elementwise_kernel<(int)4, at::native::AUnaryFunctor<float, float, float, at::native::binary_internal::MulFunctor<float>>, std::array<char *, (unsigned long)2>>(int, T2, T3)",l1tex__t_bytes_pipe_lsu_mem_local_op_st.sum,byte,0
2026-08-16T18:30:54.516710+00:00,e030520,NVIDIA GeForce GTX 1650 Ti,attention,triton_composed,128,float32,"void at::native::vectorized_elementwise_kernel<(int)4, at::native::AUnaryFunctor<float, float, float, at::native::binary_internal::MulFunctor<float>>, std::array<char *, (unsigned long)2>>(int, T2, T3)",l1tex__t_sector_hit_rate.pct,%,0
2026-08-16T18:30:54.516710+00:00,e030520,NVIDIA GeForce GTX 1650 Ti,attention,triton_composed,128,float32,"void at::native::vectorized_elementwise_kernel<(int)4, at::native::AUnaryFunctor<float, float, float, at::native::binary_internal::MulFunctor<float>>, std::array<char *, (unsigned long)2>>(int, T2, T3)",launch__registers_per_thread,register/thread,27
2026-08-16T18:30:54.516710+00:00,e030520,NVIDIA GeForce GTX 1650 Ti,attention,triton_composed,128,float32,"void at::native::vectorized_elementwise_kernel<(int)4, at::native::AUnaryFunctor<float, float, float, at::native::binary_internal::MulFunctor<float>>, std::array<char *, (unsigned long)2>>(int, T2, T3)",sm__warps_active.avg.pct_of_peak_sustained_active,%,83.80
2026-08-16T18:30:54.516710+00:00,e030520,NVIDIA GeForce GTX 1650 Ti,attention,triton_composed,128,float32,_softmax_kernel,dram__bytes_read.sum,byte,6337600
2026-08-16T18:30:54.516710+00:00,e030520,NVIDIA GeForce GTX 1650 Ti,attention,triton_composed,128,float32,_softmax_kernel,dram__bytes_write.sum,byte,6034496
2026-08-16T18:30:54.516710+00:00,e030520,NVIDIA GeForce GTX 1650 Ti,attention,triton_composed,128,float32,_softmax_kernel,l1tex__t_bytes_pipe_lsu_mem_local_op_ld.sum,byte,0
2026-08-16T18:30:54.516710+00:00,e030520,NVIDIA GeForce GTX 1650 Ti,attention,triton_composed,128,float32,_softmax_kernel,l1tex__t_bytes_pipe_lsu_mem_local_op_st.sum,byte,0
2026-08-16T18:30:54.516710+00:00,e030520,NVIDIA GeForce GTX 1650 Ti,attention,triton_composed,128,float32,_softmax_kernel,l1tex__t_sector_hit_rate.pct,%,33.33
2026-08-16T18:30:54.516710+00:00,e030520,NVIDIA GeForce GTX 1650 Ti,attention,triton_composed,128,float32,_softmax_kernel,launch__registers_per_thread,register/thread,18
2026-08-16T18:30:54.516710+00:00,e030520,NVIDIA GeForce GTX 1650 Ti,attention,triton_composed,128,float32,_softmax_kernel,sm__warps_active.avg.pct_of_peak_sustained_active,%,90.58
2026-08-16T18:30:54.516710+00:00,e030520,NVIDIA GeForce GTX 1650 Ti,attention,triton_composed,128,float32,volta_sgemm_64x64_nn,dram__bytes_read.sum,byte,15652928
2026-08-16T18:30:54.516710+00:00,e030520,NVIDIA GeForce GTX 1650 Ti,attention,triton_composed,128,float32,volta_sgemm_64x64_nn,dram__bytes_write.sum,byte,5984608
2026-08-16T18:30:54.516710+00:00,e030520,NVIDIA GeForce GTX 1650 Ti,attention,triton_composed,128,float32,volta_sgemm_64x64_nn,l1tex__t_bytes_pipe_lsu_mem_local_op_ld.sum,byte,0
2026-08-16T18:30:54.516710+00:00,e030520,NVIDIA GeForce GTX 1650 Ti,attention,triton_composed,128,float32,volta_sgemm_64x64_nn,l1tex__t_bytes_pipe_lsu_mem_local_op_st.sum,byte,0
2026-08-16T18:30:54.516710+00:00,e030520,NVIDIA GeForce GTX 1650 Ti,attention,triton_composed,128,float32,volta_sgemm_64x64_nn,l1tex__t_sector_hit_rate.pct,%,0
2026-08-16T18:30:54.516710+00:00,e030520,NVIDIA GeForce GTX 1650 Ti,attention,triton_composed,128,float32,volta_sgemm_64x64_nn,launch__registers_per_thread,register/thread,126
2026-08-16T18:30:54.516710+00:00,e030520,NVIDIA GeForce GTX 1650 Ti,attention,triton_composed,128,float32,volta_sgemm_64x64_nn,sm__warps_active.avg.pct_of_peak_sustained_active,%,40.62
2026-08-16T18:31:02.817016+00:00,e030520,NVIDIA GeForce GTX 1650 Ti,attention,triton_flash,128,float32,_flash_kernel,dram__bytes_read.sum,byte,21183232
2026-08-16T18:31:02.817016+00:00,e030520,NVIDIA GeForce GTX 1650 Ti,attention,triton_flash,128,float32,_flash_kernel,dram__bytes_write.sum,byte,26755840
2026-08-16T18:31:02.817016+00:00,e030520,NVIDIA GeForce GTX 1650 Ti,attention,triton_flash,128,float32,_flash_kernel,l1tex__t_bytes_pipe_lsu_mem_local_op_ld.sum,byte,39714816
2026-08-16T18:31:02.817016+00:00,e030520,NVIDIA GeForce GTX 1650 Ti,attention,triton_flash,128,float32,_flash_kernel,l1tex__t_bytes_pipe_lsu_mem_local_op_st.sum,byte,20840448
2026-08-16T18:31:02.817016+00:00,e030520,NVIDIA GeForce GTX 1650 Ti,attention,triton_flash,128,float32,_flash_kernel,l1tex__t_sector_hit_rate.pct,%,34.87
2026-08-16T18:31:02.817016+00:00,e030520,NVIDIA GeForce GTX 1650 Ti,attention,triton_flash,128,float32,_flash_kernel,launch__registers_per_thread,register/thread,255
2026-08-16T18:31:02.817016+00:00,e030520,NVIDIA GeForce GTX 1650 Ti,attention,triton_flash,128,float32,_flash_kernel,sm__warps_active.avg.pct_of_peak_sustained_active,%,12.48
2026-08-16T18:58:48.038735+00:00,b5a998a,NVIDIA GeForce GTX 1650 Ti,mlp,triton_composed,1,float32,_linear_gelu_kernel,dram__bytes_read.sum,byte,686880
2026-08-16T18:58:48.038735+00:00,b5a998a,NVIDIA GeForce GTX 1650 Ti,mlp,triton_composed,1,float32,_linear_gelu_kernel,dram__bytes_write.sum,byte,138304
2026-08-16T18:58:48.038735+00:00,b5a998a,NVIDIA GeForce GTX 1650 Ti,mlp,triton_composed,1,float32,_linear_gelu_kernel,l1tex__t_bytes_pipe_lsu_mem_local_op_ld.sum,byte,0
2026-08-16T18:58:48.038735+00:00,b5a998a,NVIDIA GeForce GTX 1650 Ti,mlp,triton_composed,1,float32,_linear_gelu_kernel,l1tex__t_bytes_pipe_lsu_mem_local_op_st.sum,byte,0
2026-08-16T18:58:48.038735+00:00,b5a998a,NVIDIA GeForce GTX 1650 Ti,mlp,triton_composed,1,float32,_linear_gelu_kernel,l1tex__t_sector_hit_rate.pct,%,0.66
2026-08-16T18:58:48.038735+00:00,b5a998a,NVIDIA GeForce GTX 1650 Ti,mlp,triton_composed,1,float32,_linear_gelu_kernel,launch__registers_per_thread,register/thread,168
2026-08-16T18:58:48.038735+00:00,b5a998a,NVIDIA GeForce GTX 1650 Ti,mlp,triton_composed,1,float32,_linear_gelu_kernel,sm__warps_active.avg.pct_of_peak_sustained_active,%,12.49
2026-08-16T18:58:48.038735+00:00,b5a998a,NVIDIA GeForce GTX 1650 Ti,mlp,triton_composed,1,float32,_linear_kernel,dram__bytes_read.sum,byte,823904
2026-08-16T18:58:48.038735+00:00,b5a998a,NVIDIA GeForce GTX 1650 Ti,mlp,triton_composed,1,float32,_linear_kernel,dram__bytes_write.sum,byte,87520
2026-08-16T18:58:48.038735+00:00,b5a998a,NVIDIA GeForce GTX 1650 Ti,mlp,triton_composed,1,float32,_linear_kernel,l1tex__t_bytes_pipe_lsu_mem_local_op_ld.sum,byte,0
2026-08-16T18:58:48.038735+00:00,b5a998a,NVIDIA GeForce GTX 1650 Ti,mlp,triton_composed,1,float32,_linear_kernel,l1tex__t_bytes_pipe_lsu_mem_local_op_st.sum,byte,0
2026-08-16T18:58:48.038735+00:00,b5a998a,NVIDIA GeForce GTX 1650 Ti,mlp,triton_composed,1,float32,_linear_kernel,l1tex__t_sector_hit_rate.pct,%,0.19
2026-08-16T18:58:48.038735+00:00,b5a998a,NVIDIA GeForce GTX 1650 Ti,mlp,triton_composed,1,float32,_linear_kernel,launch__registers_per_thread,register/thread,128
2026-08-16T18:58:48.038735+00:00,b5a998a,NVIDIA GeForce GTX 1650 Ti,mlp,triton_composed,1,float32,_linear_kernel,sm__warps_active.avg.pct_of_peak_sustained_active,%,12.50
2026-08-16T18:58:52.265498+00:00,b5a998a,NVIDIA GeForce GTX 1650 Ti,mlp,triton_composed,512,float32,_linear_gelu_kernel,dram__bytes_read.sum,byte,303484576
2026-08-16T18:58:52.265498+00:00,b5a998a,NVIDIA GeForce GTX 1650 Ti,mlp,triton_composed,512,float32,_linear_gelu_kernel,dram__bytes_write.sum,byte,100459072
2026-08-16T18:58:52.265498+00:00,b5a998a,NVIDIA GeForce GTX 1650 Ti,mlp,triton_composed,512,float32,_linear_gelu_kernel,l1tex__t_bytes_pipe_lsu_mem_local_op_ld.sum,byte,0
2026-08-16T18:58:52.265498+00:00,b5a998a,NVIDIA GeForce GTX 1650 Ti,mlp,triton_composed,512,float32,_linear_gelu_kernel,l1tex__t_bytes_pipe_lsu_mem_local_op_st.sum,byte,0
2026-08-16T18:58:52.265498+00:00,b5a998a,NVIDIA GeForce GTX 1650 Ti,mlp,triton_composed,512,float32,_linear_gelu_kernel,l1tex__t_sector_hit_rate.pct,%,0.83
2026-08-16T18:58:52.265498+00:00,b5a998a,NVIDIA GeForce GTX 1650 Ti,mlp,triton_composed,512,float32,_linear_gelu_kernel,launch__registers_per_thread,register/thread,168
2026-08-16T18:58:52.265498+00:00,b5a998a,NVIDIA GeForce GTX 1650 Ti,mlp,triton_composed,512,float32,_linear_gelu_kernel,sm__warps_active.avg.pct_of_peak_sustained_active,%,37.35
2026-08-16T18:58:52.265498+00:00,b5a998a,NVIDIA GeForce GTX 1650 Ti,mlp,triton_composed,512,float32,_linear_kernel,dram__bytes_read.sum,byte,321221120
2026-08-16T18:58:52.265498+00:00,b5a998a,NVIDIA GeForce GTX 1650 Ti,mlp,triton_composed,512,float32,_linear_kernel,dram__bytes_write.sum,byte,25135936
2026-08-16T18:58:52.265498+00:00,b5a998a,NVIDIA GeForce GTX 1650 Ti,mlp,triton_composed,512,float32,_linear_kernel,l1tex__t_bytes_pipe_lsu_mem_local_op_ld.sum,byte,0
2026-08-16T18:58:52.265498+00:00,b5a998a,NVIDIA GeForce GTX 1650 Ti,mlp,triton_composed,512,float32,_linear_kernel,l1tex__t_bytes_pipe_lsu_mem_local_op_st.sum,byte,0
2026-08-16T18:58:52.265498+00:00,b5a998a,NVIDIA GeForce GTX 1650 Ti,mlp,triton_composed,512,float32,_linear_kernel,l1tex__t_sector_hit_rate.pct,%,0.27
2026-08-16T18:58:52.265498+00:00,b5a998a,NVIDIA GeForce GTX 1650 Ti,mlp,triton_composed,512,float32,_linear_kernel,launch__registers_per_thread,register/thread,128
2026-08-16T18:58:52.265498+00:00,b5a998a,NVIDIA GeForce GTX 1650 Ti,mlp,triton_composed,512,float32,_linear_kernel,sm__warps_active.avg.pct_of_peak_sustained_active,%,49.44
2026-08-16T18:58:55.989050+00:00,b5a998a,NVIDIA GeForce GTX 1650 Ti,mlp,triton_fused,1,float32,_mlp_fused_kernel,dram__bytes_read.sum,byte,1305536
2026-08-16T18:58:55.989050+00:00,b5a998a,NVIDIA GeForce GTX 1650 Ti,mlp,triton_fused,1,float32,_mlp_fused_kernel,dram__bytes_write.sum,byte,233760
2026-08-16T18:58:55.989050+00:00,b5a998a,NVIDIA GeForce GTX 1650 Ti,mlp,triton_fused,1,float32,_mlp_fused_kernel,l1tex__t_bytes_pipe_lsu_mem_local_op_ld.sum,byte,0
2026-08-16T18:58:55.989050+00:00,b5a998a,NVIDIA GeForce GTX 1650 Ti,mlp,triton_fused,1,float32,_mlp_fused_kernel,l1tex__t_bytes_pipe_lsu_mem_local_op_st.sum,byte,0
2026-08-16T18:58:55.989050+00:00,b5a998a,NVIDIA GeForce GTX 1650 Ti,mlp,triton_fused,1,float32,_mlp_fused_kernel,l1tex__t_sector_hit_rate.pct,%,1.75
2026-08-16T18:58:55.989050+00:00,b5a998a,NVIDIA GeForce GTX 1650 Ti,mlp,triton_fused,1,float32,_mlp_fused_kernel,launch__registers_per_thread,register/thread,226
2026-08-16T18:58:55.989050+00:00,b5a998a,NVIDIA GeForce GTX 1650 Ti,mlp,triton_fused,1,float32,_mlp_fused_kernel,sm__warps_active.avg.pct_of_peak_sustained_active,%,25.00
2026-08-16T18:59:00.997637+00:00,b5a998a,NVIDIA GeForce GTX 1650 Ti,mlp,triton_fused,512,float32,_mlp_fused_kernel,dram__bytes_read.sum,byte,176932096
2026-08-16T18:59:00.997637+00:00,b5a998a,NVIDIA GeForce GTX 1650 Ti,mlp,triton_fused,512,float32,_mlp_fused_kernel,dram__bytes_write.sum,byte,25198400
2026-08-16T18:59:00.997637+00:00,b5a998a,NVIDIA GeForce GTX 1650 Ti,mlp,triton_fused,512,float32,_mlp_fused_kernel,l1tex__t_bytes_pipe_lsu_mem_local_op_ld.sum,byte,0
2026-08-16T18:59:00.997637+00:00,b5a998a,NVIDIA GeForce GTX 1650 Ti,mlp,triton_fused,512,float32,_mlp_fused_kernel,l1tex__t_bytes_pipe_lsu_mem_local_op_st.sum,byte,0
2026-08-16T18:59:00.997637+00:00,b5a998a,NVIDIA GeForce GTX 1650 Ti,mlp,triton_fused,512,float32,_mlp_fused_kernel,l1tex__t_sector_hit_rate.pct,%,1.75
2026-08-16T18:59:00.997637+00:00,b5a998a,NVIDIA GeForce GTX 1650 Ti,mlp,triton_fused,512,float32,_mlp_fused_kernel,launch__registers_per_thread,register/thread,226
2026-08-16T18:59:00.997637+00:00,b5a998a,NVIDIA GeForce GTX 1650 Ti,mlp,triton_fused,512,float32,_mlp_fused_kernel,sm__warps_active.avg.pct_of_peak_sustained_active,%,25.00
2026-08-17T13:50:59.021344+00:00,42e1a3f,NVIDIA GeForce GTX 1650 Ti,block,triton_composed,1,float32,"void at::native::elementwise_kernel<(int)128, (int)2, void at::native::gpu_kernel_impl_nocast<at::native::direct_copy_kernel_cuda(at::TensorIteratorBase &)::[lambda() (instance 3)]::operator ()() const::[lambda() (instance 7)]::operator ()() const::[lambda(float) (instance 1)]>(at::TensorIteratorBase &, const T1 &)::[lambda(int) (instance 1)]>(int, T3)",dram__bytes_read.sum,byte,59648
2026-08-17T13:50:59.021344+00:00,42e1a3f,NVIDIA GeForce GTX 1650 Ti,block,triton_composed,1,float32,"void at::native::elementwise_kernel<(int)128, (int)2, void at::native::gpu_kernel_impl_nocast<at::native::direct_copy_kernel_cuda(at::TensorIteratorBase &)::[lambda() (instance 3)]::operator ()() const::[lambda() (instance 7)]::operator ()() const::[lambda(float) (instance 1)]>(at::TensorIteratorBase &, const T1 &)::[lambda(int) (instance 1)]>(int, T3)",dram__bytes_write.sum,byte,6496
2026-08-17T13:50:59.021344+00:00,42e1a3f,NVIDIA GeForce GTX 1650 Ti,block,triton_composed,1,float32,"void at::native::elementwise_kernel<(int)128, (int)2, void at::native::gpu_kernel_impl_nocast<at::native::direct_copy_kernel_cuda(at::TensorIteratorBase &)::[lambda() (instance 3)]::operator ()() const::[lambda() (instance 7)]::operator ()() const::[lambda(float) (instance 1)]>(at::TensorIteratorBase &, const T1 &)::[lambda(int) (instance 1)]>(int, T3)",l1tex__t_bytes_pipe_lsu_mem_local_op_ld.sum,byte,0
2026-08-17T13:50:59.021344+00:00,42e1a3f,NVIDIA GeForce GTX 1650 Ti,block,triton_composed,1,float32,"void at::native::elementwise_kernel<(int)128, (int)2, void at::native::gpu_kernel_impl_nocast<at::native::direct_copy_kernel_cuda(at::TensorIteratorBase &)::[lambda() (instance 3)]::operator ()() const::[lambda() (instance 7)]::operator ()() const::[lambda(float) (instance 1)]>(at::TensorIteratorBase &, const T1 &)::[lambda(int) (instance 1)]>(int, T3)",l1tex__t_bytes_pipe_lsu_mem_local_op_st.sum,byte,0
2026-08-17T13:50:59.021344+00:00,42e1a3f,NVIDIA GeForce GTX 1650 Ti,block,triton_composed,1,float32,"void at::native::elementwise_kernel<(int)128, (int)2, void at::native::gpu_kernel_impl_nocast<at::native::direct_copy_kernel_cuda(at::TensorIteratorBase &)::[lambda() (instance 3)]::operator ()() const::[lambda() (instance 7)]::operator ()() const::[lambda(float) (instance 1)]>(at::TensorIteratorBase &, const T1 &)::[lambda(int) (instance 1)]>(int, T3)",l1tex__t_sector_hit_rate.pct,%,0
2026-08-17T13:50:59.021344+00:00,42e1a3f,NVIDIA GeForce GTX 1650 Ti,block,triton_composed,1,float32,"void at::native::elementwise_kernel<(int)128, (int)2, void at::native::gpu_kernel_impl_nocast<at::native::direct_copy_kernel_cuda(at::TensorIteratorBase &)::[lambda() (instance 3)]::operator ()() const::[lambda() (instance 7)]::operator ()() const::[lambda(float) (instance 1)]>(at::TensorIteratorBase &, const T1 &)::[lambda(int) (instance 1)]>(int, T3)",launch__registers_per_thread,register/thread,16
2026-08-17T13:50:59.021344+00:00,42e1a3f,NVIDIA GeForce GTX 1650 Ti,block,triton_composed,1,float32,"void at::native::elementwise_kernel<(int)128, (int)2, void at::native::gpu_kernel_impl_nocast<at::native::direct_copy_kernel_cuda(at::TensorIteratorBase &)::[lambda() (instance 3)]::operator ()() const::[lambda() (instance 7)]::operator ()() const::[lambda(float) (instance 1)]>(at::TensorIteratorBase &, const T1 &)::[lambda(int) (instance 1)]>(int, T3)",sm__warps_active.avg.pct_of_peak_sustained_active,%,36.37
2026-08-17T13:50:59.021344+00:00,42e1a3f,NVIDIA GeForce GTX 1650 Ti,block,triton_composed,1,float32,"void at::native::elementwise_kernel<(int)128, (int)2, void at::native::gpu_kernel_impl_nocast<at::native::direct_copy_kernel_cuda(at::TensorIteratorBase &)::[lambda() (instance 3)]::operator ()() const::[lambda() (instance 7)]::operator ()() const::[lambda(float) (instance 1)]>(at::TensorIteratorBase &, const T1 &)::[lambda(int) (instance 1)]>(int, T3)",dram__bytes_read.sum,byte,59648
2026-08-17T13:50:59.021344+00:00,42e1a3f,NVIDIA GeForce GTX 1650 Ti,block,triton_composed,1,float32,"void at::native::elementwise_kernel<(int)128, (int)2, void at::native::gpu_kernel_impl_nocast<at::native::direct_copy_kernel_cuda(at::TensorIteratorBase &)::[lambda() (instance 3)]::operator ()() const::[lambda() (instance 7)]::operator ()() const::[lambda(float) (instance 1)]>(at::TensorIteratorBase &, const T1 &)::[lambda(int) (instance 1)]>(int, T3)",dram__bytes_write.sum,byte,4576
2026-08-17T13:50:59.021344+00:00,42e1a3f,NVIDIA GeForce GTX 1650 Ti,block,triton_composed,1,float32,"void at::native::elementwise_kernel<(int)128, (int)2, void at::native::gpu_kernel_impl_nocast<at::native::direct_copy_kernel_cuda(at::TensorIteratorBase &)::[lambda() (instance 3)]::operator ()() const::[lambda() (instance 7)]::operator ()() const::[lambda(float) (instance 1)]>(at::TensorIteratorBase &, const T1 &)::[lambda(int) (instance 1)]>(int, T3)",l1tex__t_bytes_pipe_lsu_mem_local_op_ld.sum,byte,0
2026-08-17T13:50:59.021344+00:00,42e1a3f,NVIDIA GeForce GTX 1650 Ti,block,triton_composed,1,float32,"void at::native::elementwise_kernel<(int)128, (int)2, void at::native::gpu_kernel_impl_nocast<at::native::direct_copy_kernel_cuda(at::TensorIteratorBase &)::[lambda() (instance 3)]::operator ()() const::[lambda() (instance 7)]::operator ()() const::[lambda(float) (instance 1)]>(at::TensorIteratorBase &, const T1 &)::[lambda(int) (instance 1)]>(int, T3)",l1tex__t_bytes_pipe_lsu_mem_local_op_st.sum,byte,0
2026-08-17T13:50:59.021344+00:00,42e1a3f,NVIDIA GeForce GTX 1650 Ti,block,triton_composed,1,float32,"void at::native::elementwise_kernel<(int)128, (int)2, void at::native::gpu_kernel_impl_nocast<at::native::direct_copy_kernel_cuda(at::TensorIteratorBase &)::[lambda() (instance 3)]::operator ()() const::[lambda() (instance 7)]::operator ()() const::[lambda(float) (instance 1)]>(at::TensorIteratorBase &, const T1 &)::[lambda(int) (instance 1)]>(int, T3)",l1tex__t_sector_hit_rate.pct,%,0
2026-08-17T13:50:59.021344+00:00,42e1a3f,NVIDIA GeForce GTX 1650 Ti,block,triton_composed,1,float32,"void at::native::elementwise_kernel<(int)128, (int)2, void at::native::gpu_kernel_impl_nocast<at::native::direct_copy_kernel_cuda(at::TensorIteratorBase &)::[lambda() (instance 3)]::operator ()() const::[lambda() (instance 7)]::operator ()() const::[lambda(float) (instance 1)]>(at::TensorIteratorBase &, const T1 &)::[lambda(int) (instance 1)]>(int, T3)",launch__registers_per_thread,register/thread,16
2026-08-17T13:50:59.021344+00:00,42e1a3f,NVIDIA GeForce GTX 1650 Ti,block,triton_composed,1,float32,"void at::native::elementwise_kernel<(int)128, (int)2, void at::native::gpu_kernel_impl_nocast<at::native::direct_copy_kernel_cuda(at::TensorIteratorBase &)::[lambda() (instance 3)]::operator ()() const::[lambda() (instance 7)]::operator ()() const::[lambda(float) (instance 1)]>(at::TensorIteratorBase &, const T1 &)::[lambda(int) (instance 1)]>(int, T3)",sm__warps_active.avg.pct_of_peak_sustained_active,%,36.45
2026-08-17T13:50:59.021344+00:00,42e1a3f,NVIDIA GeForce GTX 1650 Ti,block,triton_composed,1,float32,_flash_kernel,dram__bytes_read.sum,byte,241568
2026-08-17T13:50:59.021344+00:00,42e1a3f,NVIDIA GeForce GTX 1650 Ti,block,triton_composed,1,float32,_flash_kernel,dram__bytes_write.sum,byte,64800
2026-08-17T13:50:59.021344+00:00,42e1a3f,NVIDIA GeForce GTX 1650 Ti,block,triton_composed,1,float32,_flash_kernel,l1tex__t_bytes_pipe_lsu_mem_local_op_ld.sum,byte,310272
2026-08-17T13:50:59.021344+00:00,42e1a3f,NVIDIA GeForce GTX 1650 Ti,block,triton_composed,1,float32,_flash_kernel,l1tex__t_bytes_pipe_lsu_mem_local_op_st.sum,byte,162816
2026-08-17T13:50:59.021344+00:00,42e1a3f,NVIDIA GeForce GTX 1650 Ti,block,triton_composed,1,float32,_flash_kernel,l1tex__t_sector_hit_rate.pct,%,36.72
2026-08-17T13:50:59.021344+00:00,42e1a3f,NVIDIA GeForce GTX 1650 Ti,block,triton_composed,1,float32,_flash_kernel,launch__registers_per_thread,register/thread,255
2026-08-17T13:50:59.021344+00:00,42e1a3f,NVIDIA GeForce GTX 1650 Ti,block,triton_composed,1,float32,_flash_kernel,sm__warps_active.avg.pct_of_peak_sustained_active,%,12.49
2026-08-17T13:50:59.021344+00:00,42e1a3f,NVIDIA GeForce GTX 1650 Ti,block,triton_composed,1,float32,"void at::native::elementwise_kernel<(int)128, (int)2, void at::native::gpu_kernel_impl_nocast<at::native::direct_copy_kernel_cuda(at::TensorIteratorBase &)::[lambda() (instance 3)]::operator ()() const::[lambda() (instance 7)]::operator ()() const::[lambda(float) (instance 1)]>(at::TensorIteratorBase &, const T1 &)::[lambda(int) (instance 1)]>(int, T3)",dram__bytes_read.sum,byte,59648
2026-08-17T13:50:59.021344+00:00,42e1a3f,NVIDIA GeForce GTX 1650 Ti,block,triton_composed,1,float32,"void at::native::elementwise_kernel<(int)128, (int)2, void at::native::gpu_kernel_impl_nocast<at::native::direct_copy_kernel_cuda(at::TensorIteratorBase &)::[lambda() (instance 3)]::operator ()() const::[lambda() (instance 7)]::operator ()() const::[lambda(float) (instance 1)]>(at::TensorIteratorBase &, const T1 &)::[lambda(int) (instance 1)]>(int, T3)",dram__bytes_write.sum,byte,10304
2026-08-17T13:50:59.021344+00:00,42e1a3f,NVIDIA GeForce GTX 1650 Ti,block,triton_composed,1,float32,"void at::native::elementwise_kernel<(int)128, (int)2, void at::native::gpu_kernel_impl_nocast<at::native::direct_copy_kernel_cuda(at::TensorIteratorBase &)::[lambda() (instance 3)]::operator ()() const::[lambda() (instance 7)]::operator ()() const::[lambda(float) (instance 1)]>(at::TensorIteratorBase &, const T1 &)::[lambda(int) (instance 1)]>(int, T3)",l1tex__t_bytes_pipe_lsu_mem_local_op_ld.sum,byte,0
2026-08-17T13:50:59.021344+00:00,42e1a3f,NVIDIA GeForce GTX 1650 Ti,block,triton_composed,1,float32,"void at::native::elementwise_kernel<(int)128, (int)2, void at::native::gpu_kernel_impl_nocast<at::native::direct_copy_kernel_cuda(at::TensorIteratorBase &)::[lambda() (instance 3)]::operator ()() const::[lambda() (instance 7)]::operator ()() const::[lambda(float) (instance 1)]>(at::TensorIteratorBase &, const T1 &)::[lambda(int) (instance 1)]>(int, T3)",l1tex__t_bytes_pipe_lsu_mem_local_op_st.sum,byte,0
2026-08-17T13:50:59.021344+00:00,42e1a3f,NVIDIA GeForce GTX 1650 Ti,block,triton_composed,1,float32,"void at::native::elementwise_kernel<(int)128, (int)2, void at::native::gpu_kernel_impl_nocast<at::native::direct_copy_kernel_cuda(at::TensorIteratorBase &)::[lambda() (instance 3)]::operator ()() const::[lambda() (instance 7)]::operator ()() const::[lambda(float) (instance 1)]>(at::TensorIteratorBase &, const T1 &)::[lambda(int) (instance 1)]>(int, T3)",l1tex__t_sector_hit_rate.pct,%,0
2026-08-17T13:50:59.021344+00:00,42e1a3f,NVIDIA GeForce GTX 1650 Ti,block,triton_composed,1,float32,"void at::native::elementwise_kernel<(int)128, (int)2, void at::native::gpu_kernel_impl_nocast<at::native::direct_copy_kernel_cuda(at::TensorIteratorBase &)::[lambda() (instance 3)]::operator ()() const::[lambda() (instance 7)]::operator ()() const::[lambda(float) (instance 1)]>(at::TensorIteratorBase &, const T1 &)::[lambda(int) (instance 1)]>(int, T3)",launch__registers_per_thread,register/thread,16
2026-08-17T13:50:59.021344+00:00,42e1a3f,NVIDIA GeForce GTX 1650 Ti,block,triton_composed,1,float32,"void at::native::elementwise_kernel<(int)128, (int)2, void at::native::gpu_kernel_impl_nocast<at::native::direct_copy_kernel_cuda(at::TensorIteratorBase &)::[lambda() (instance 3)]::operator ()() const::[lambda() (instance 7)]::operator ()() const::[lambda(float) (instance 1)]>(at::TensorIteratorBase &, const T1 &)::[lambda(int) (instance 1)]>(int, T3)",sm__warps_active.avg.pct_of_peak_sustained_active,%,36.40
2026-08-17T13:50:59.021344+00:00,42e1a3f,NVIDIA GeForce GTX 1650 Ti,block,triton_composed,1,float32,_linear_kernel,dram__bytes_read.sum,byte,223520
2026-08-17T13:50:59.021344+00:00,42e1a3f,NVIDIA GeForce GTX 1650 Ti,block,triton_composed,1,float32,_linear_kernel,dram__bytes_write.sum,byte,20544
2026-08-17T13:50:59.021344+00:00,42e1a3f,NVIDIA GeForce GTX 1650 Ti,block,triton_composed,1,float32,_linear_kernel,l1tex__t_bytes_pipe_lsu_mem_local_op_ld.sum,byte,0
2026-08-17T13:50:59.021344+00:00,42e1a3f,NVIDIA GeForce GTX 1650 Ti,block,triton_composed,1,float32,_linear_kernel,l1tex__t_bytes_pipe_lsu_mem_local_op_st.sum,byte,0
2026-08-17T13:50:59.021344+00:00,42e1a3f,NVIDIA GeForce GTX 1650 Ti,block,triton_composed,1,float32,_linear_kernel,l1tex__t_sector_hit_rate.pct,%,0.66
2026-08-17T13:50:59.021344+00:00,42e1a3f,NVIDIA GeForce GTX 1650 Ti,block,triton_composed,1,float32,_linear_kernel,launch__registers_per_thread,register/thread,128
2026-08-17T13:50:59.021344+00:00,42e1a3f,NVIDIA GeForce GTX 1650 Ti,block,triton_composed,1,float32,_linear_kernel,sm__warps_active.avg.pct_of_peak_sustained_active,%,12.49
2026-08-17T13:50:59.021344+00:00,42e1a3f,NVIDIA GeForce GTX 1650 Ti,block,triton_composed,1,float32,_layernorm_residual_kernel,dram__bytes_read.sum,byte,104416
2026-08-17T13:50:59.021344+00:00,42e1a3f,NVIDIA GeForce GTX 1650 Ti,block,triton_composed,1,float32,_layernorm_residual_kernel,dram__bytes_write.sum,byte,20512
2026-08-17T13:50:59.021344+00:00,42e1a3f,NVIDIA GeForce GTX 1650 Ti,block,triton_composed,1,float32,_layernorm_residual_kernel,l1tex__t_bytes_pipe_lsu_mem_local_op_ld.sum,byte,0
2026-08-17T13:50:59.021344+00:00,42e1a3f,NVIDIA GeForce GTX 1650 Ti,block,triton_composed,1,float32,_layernorm_residual_kernel,l1tex__t_bytes_pipe_lsu_mem_local_op_st.sum,byte,0
2026-08-17T13:50:59.021344+00:00,42e1a3f,NVIDIA GeForce GTX 1650 Ti,block,triton_composed,1,float32,_layernorm_residual_kernel,l1tex__t_sector_hit_rate.pct,%,25
2026-08-17T13:50:59.021344+00:00,42e1a3f,NVIDIA GeForce GTX 1650 Ti,block,triton_composed,1,float32,_layernorm_residual_kernel,launch__registers_per_thread,register/thread,27
2026-08-17T13:50:59.021344+00:00,42e1a3f,NVIDIA GeForce GTX 1650 Ti,block,triton_composed,1,float32,_layernorm_residual_kernel,sm__warps_active.avg.pct_of_peak_sustained_active,%,48.33
2026-08-17T13:50:59.021344+00:00,42e1a3f,NVIDIA GeForce GTX 1650 Ti,block,triton_composed,1,float32,_linear_gelu_kernel,dram__bytes_read.sum,byte,686944
2026-08-17T13:50:59.021344+00:00,42e1a3f,NVIDIA GeForce GTX 1650 Ti,block,triton_composed,1,float32,_linear_gelu_kernel,dram__bytes_write.sum,byte,103328
2026-08-17T13:50:59.021344+00:00,42e1a3f,NVIDIA GeForce GTX 1650 Ti,block,triton_composed,1,float32,_linear_gelu_kernel,l1tex__t_bytes_pipe_lsu_mem_local_op_ld.sum,byte,0
2026-08-17T13:50:59.021344+00:00,42e1a3f,NVIDIA GeForce GTX 1650 Ti,block,triton_composed,1,float32,_linear_gelu_kernel,l1tex__t_bytes_pipe_lsu_mem_local_op_st.sum,byte,0
2026-08-17T13:50:59.021344+00:00,42e1a3f,NVIDIA GeForce GTX 1650 Ti,block,triton_composed,1,float32,_linear_gelu_kernel,l1tex__t_sector_hit_rate.pct,%,0.66
2026-08-17T13:50:59.021344+00:00,42e1a3f,NVIDIA GeForce GTX 1650 Ti,block,triton_composed,1,float32,_linear_gelu_kernel,launch__registers_per_thread,register/thread,168
2026-08-17T13:50:59.021344+00:00,42e1a3f,NVIDIA GeForce GTX 1650 Ti,block,triton_composed,1,float32,_linear_gelu_kernel,sm__warps_active.avg.pct_of_peak_sustained_active,%,12.50
2026-08-17T13:50:59.021344+00:00,42e1a3f,NVIDIA GeForce GTX 1650 Ti,block,triton_composed,1,float32,_linear_kernel,dram__bytes_read.sum,byte,824096
2026-08-17T13:50:59.021344+00:00,42e1a3f,NVIDIA GeForce GTX 1650 Ti,block,triton_composed,1,float32,_linear_kernel,dram__bytes_write.sum,byte,122784
2026-08-17T13:50:59.021344+00:00,42e1a3f,NVIDIA GeForce GTX 1650 Ti,block,triton_composed,1,float32,_linear_kernel,l1tex__t_bytes_pipe_lsu_mem_local_op_ld.sum,byte,0
2026-08-17T13:50:59.021344+00:00,42e1a3f,NVIDIA GeForce GTX 1650 Ti,block,triton_composed,1,float32,_linear_kernel,l1tex__t_bytes_pipe_lsu_mem_local_op_st.sum,byte,0
2026-08-17T13:50:59.021344+00:00,42e1a3f,NVIDIA GeForce GTX 1650 Ti,block,triton_composed,1,float32,_linear_kernel,l1tex__t_sector_hit_rate.pct,%,0.19
2026-08-17T13:50:59.021344+00:00,42e1a3f,NVIDIA GeForce GTX 1650 Ti,block,triton_composed,1,float32,_linear_kernel,launch__registers_per_thread,register/thread,128
2026-08-17T13:50:59.021344+00:00,42e1a3f,NVIDIA GeForce GTX 1650 Ti,block,triton_composed,1,float32,_linear_kernel,sm__warps_active.avg.pct_of_peak_sustained_active,%,12.50
2026-08-17T13:50:59.021344+00:00,42e1a3f,NVIDIA GeForce GTX 1650 Ti,block,triton_composed,1,float32,"void at::native::vectorized_elementwise_kernel<(int)4, at::native::CUDAFunctor_add<float>, std::array<char *, (unsigned long)3>>(int, T2, T3)",dram__bytes_read.sum,byte,103872
2026-08-17T13:50:59.021344+00:00,42e1a3f,NVIDIA GeForce GTX 1650 Ti,block,triton_composed,1,float32,"void at::native::vectorized_elementwise_kernel<(int)4, at::native::CUDAFunctor_add<float>, std::array<char *, (unsigned long)3>>(int, T2, T3)",dram__bytes_write.sum,byte,11040
2026-08-17T13:50:59.021344+00:00,42e1a3f,NVIDIA GeForce GTX 1650 Ti,block,triton_composed,1,float32,"void at::native::vectorized_elementwise_kernel<(int)4, at::native::CUDAFunctor_add<float>, std::array<char *, (unsigned long)3>>(int, T2, T3)",l1tex__t_bytes_pipe_lsu_mem_local_op_ld.sum,byte,0
2026-08-17T13:50:59.021344+00:00,42e1a3f,NVIDIA GeForce GTX 1650 Ti,block,triton_composed,1,float32,"void at::native::vectorized_elementwise_kernel<(int)4, at::native::CUDAFunctor_add<float>, std::array<char *, (unsigned long)3>>(int, T2, T3)",l1tex__t_bytes_pipe_lsu_mem_local_op_st.sum,byte,0
2026-08-17T13:50:59.021344+00:00,42e1a3f,NVIDIA GeForce GTX 1650 Ti,block,triton_composed,1,float32,"void at::native::vectorized_elementwise_kernel<(int)4, at::native::CUDAFunctor_add<float>, std::array<char *, (unsigned long)3>>(int, T2, T3)",l1tex__t_sector_hit_rate.pct,%,0
2026-08-17T13:50:59.021344+00:00,42e1a3f,NVIDIA GeForce GTX 1650 Ti,block,triton_composed,1,float32,"void at::native::vectorized_elementwise_kernel<(int)4, at::native::CUDAFunctor_add<float>, std::array<char *, (unsigned long)3>>(int, T2, T3)",launch__registers_per_thread,register/thread,40
2026-08-17T13:50:59.021344+00:00,42e1a3f,NVIDIA GeForce GTX 1650 Ti,block,triton_composed,1,float32,"void at::native::vectorized_elementwise_kernel<(int)4, at::native::CUDAFunctor_add<float>, std::array<char *, (unsigned long)3>>(int, T2, T3)",sm__warps_active.avg.pct_of_peak_sustained_active,%,12.04
2026-08-17T13:50:59.021344+00:00,42e1a3f,NVIDIA GeForce GTX 1650 Ti,block,triton_composed,1,float32,_layernorm_kernel,dram__bytes_read.sum,byte,55008
2026-08-17T13:50:59.021344+00:00,42e1a3f,NVIDIA GeForce GTX 1650 Ti,block,triton_composed,1,float32,_layernorm_kernel,dram__bytes_write.sum,byte,3264
2026-08-17T13:50:59.021344+00:00,42e1a3f,NVIDIA GeForce GTX 1650 Ti,block,triton_composed,1,float32,_layernorm_kernel,l1tex__t_bytes_pipe_lsu_mem_local_op_ld.sum,byte,0
2026-08-17T13:50:59.021344+00:00,42e1a3f,NVIDIA GeForce GTX 1650 Ti,block,triton_composed,1,float32,_layernorm_kernel,l1tex__t_bytes_pipe_lsu_mem_local_op_st.sum,byte,0
2026-08-17T13:50:59.021344+00:00,42e1a3f,NVIDIA GeForce GTX 1650 Ti,block,triton_composed,1,float32,_layernorm_kernel,l1tex__t_sector_hit_rate.pct,%,37.50
2026-08-17T13:50:59.021344+00:00,42e1a3f,NVIDIA GeForce GTX 1650 Ti,block,triton_composed,1,float32,_layernorm_kernel,launch__registers_per_thread,register/thread,28
2026-08-17T13:50:59.021344+00:00,42e1a3f,NVIDIA GeForce GTX 1650 Ti,block,triton_composed,1,float32,_layernorm_kernel,sm__warps_active.avg.pct_of_peak_sustained_active,%,48.34
2026-08-17T13:50:59.021344+00:00,42e1a3f,NVIDIA GeForce GTX 1650 Ti,block,triton_composed,1,float32,_linear_kernel,dram__bytes_read.sum,byte,523232
2026-08-17T13:50:59.021344+00:00,42e1a3f,NVIDIA GeForce GTX 1650 Ti,block,triton_composed,1,float32,_linear_kernel,dram__bytes_write.sum,byte,78912
2026-08-17T13:50:59.021344+00:00,42e1a3f,NVIDIA GeForce GTX 1650 Ti,block,triton_composed,1,float32,_linear_kernel,l1tex__t_bytes_pipe_lsu_mem_local_op_ld.sum,byte,0
2026-08-17T13:50:59.021344+00:00,42e1a3f,NVIDIA GeForce GTX 1650 Ti,block,triton_composed,1,float32,_linear_kernel,l1tex__t_bytes_pipe_lsu_mem_local_op_st.sum,byte,0
2026-08-17T13:50:59.021344+00:00,42e1a3f,NVIDIA GeForce GTX 1650 Ti,block,triton_composed,1,float32,_linear_kernel,l1tex__t_sector_hit_rate.pct,%,0.66
2026-08-17T13:50:59.021344+00:00,42e1a3f,NVIDIA GeForce GTX 1650 Ti,block,triton_composed,1,float32,_linear_kernel,launch__registers_per_thread,register/thread,128
2026-08-17T13:50:59.021344+00:00,42e1a3f,NVIDIA GeForce GTX 1650 Ti,block,triton_composed,1,float32,_linear_kernel,sm__warps_active.avg.pct_of_peak_sustained_active,%,12.49
2026-08-17T13:50:59.021344+00:00,42e1a3f,NVIDIA GeForce GTX 1650 Ti,block,triton_composed,1,float32,"void at::native::elementwise_kernel<(int)128, (int)2, void at::native::gpu_kernel_impl_nocast<at::native::direct_copy_kernel_cuda(at::TensorIteratorBase &)::[lambda() (instance 3)]::operator ()() const::[lambda() (instance 7)]::operator ()() const::[lambda(float) (instance 1)]>(at::TensorIteratorBase &, const T1 &)::[lambda(int) (instance 1)]>(int, T3)",dram__bytes_read.sum,byte,59584
2026-08-17T13:50:59.021344+00:00,42e1a3f,NVIDIA GeForce GTX 1650 Ti,block,triton_composed,1,float32,"void at::native::elementwise_kernel<(int)128, (int)2, void at::native::gpu_kernel_impl_nocast<at::native::direct_copy_kernel_cuda(at::TensorIteratorBase &)::[lambda() (instance 3)]::operator ()() const::[lambda() (instance 7)]::operator ()() const::[lambda(float) (instance 1)]>(at::TensorIteratorBase &, const T1 &)::[lambda(int) (instance 1)]>(int, T3)",dram__bytes_write.sum,byte,6176
2026-08-17T13:50:59.021344+00:00,42e1a3f,NVIDIA GeForce GTX 1650 Ti,block,triton_composed,1,float32,"void at::native::elementwise_kernel<(int)128, (int)2, void at::native::gpu_kernel_impl_nocast<at::native::direct_copy_kernel_cuda(at::TensorIteratorBase &)::[lambda() (instance 3)]::operator ()() const::[lambda() (instance 7)]::operator ()() const::[lambda(float) (instance 1)]>(at::TensorIteratorBase &, const T1 &)::[lambda(int) (instance 1)]>(int, T3)",l1tex__t_bytes_pipe_lsu_mem_local_op_ld.sum,byte,0
2026-08-17T13:50:59.021344+00:00,42e1a3f,NVIDIA GeForce GTX 1650 Ti,block,triton_composed,1,float32,"void at::native::elementwise_kernel<(int)128, (int)2, void at::native::gpu_kernel_impl_nocast<at::native::direct_copy_kernel_cuda(at::TensorIteratorBase &)::[lambda() (instance 3)]::operator ()() const::[lambda() (instance 7)]::operator ()() const::[lambda(float) (instance 1)]>(at::TensorIteratorBase &, const T1 &)::[lambda(int) (instance 1)]>(int, T3)",l1tex__t_bytes_pipe_lsu_mem_local_op_st.sum,byte,0
2026-08-17T13:50:59.021344+00:00,42e1a3f,NVIDIA GeForce GTX 1650 Ti,block,triton_composed,1,float32,"void at::native::elementwise_kernel<(int)128, (int)2, void at::native::gpu_kernel_impl_nocast<at::native::direct_copy_kernel_cuda(at::TensorIteratorBase &)::[lambda() (instance 3)]::operator ()() const::[lambda() (instance 7)]::operator ()() const::[lambda(float) (instance 1)]>(at::TensorIteratorBase &, const T1 &)::[lambda(int) (instance 1)]>(int, T3)",l1tex__t_sector_hit_rate.pct,%,0
2026-08-17T13:50:59.021344+00:00,42e1a3f,NVIDIA GeForce GTX 1650 Ti,block,triton_composed,1,float32,"void at::native::elementwise_kernel<(int)128, (int)2, void at::native::gpu_kernel_impl_nocast<at::native::direct_copy_kernel_cuda(at::TensorIteratorBase &)::[lambda() (instance 3)]::operator ()() const::[lambda() (instance 7)]::operator ()() const::[lambda(float) (instance 1)]>(at::TensorIteratorBase &, const T1 &)::[lambda(int) (instance 1)]>(int, T3)",launch__registers_per_thread,register/thread,16
2026-08-17T13:50:59.021344+00:00,42e1a3f,NVIDIA GeForce GTX 1650 Ti,block,triton_composed,1,float32,"void at::native::elementwise_kernel<(int)128, (int)2, void at::native::gpu_kernel_impl_nocast<at::native::direct_copy_kernel_cuda(at::TensorIteratorBase &)::[lambda() (instance 3)]::operator ()() const::[lambda() (instance 7)]::operator ()() const::[lambda(float) (instance 1)]>(at::TensorIteratorBase &, const T1 &)::[lambda(int) (instance 1)]>(int, T3)",sm__warps_active.avg.pct_of_peak_sustained_active,%,36.50
2026-08-17T13:51:05.046947+00:00,42e1a3f,NVIDIA GeForce GTX 1650 Ti,block,triton_composed,512,float32,"void at::native::elementwise_kernel<(int)128, (int)2, void at::native::gpu_kernel_impl_nocast<at::native::direct_copy_kernel_cuda(at::TensorIteratorBase &)::[lambda() (instance 3)]::operator ()() const::[lambda() (instance 7)]::operator ()() const::[lambda(float) (instance 1)]>(at::TensorIteratorBase &, const T1 &)::[lambda(int) (instance 1)]>(int, T3)",dram__bytes_read.sum,byte,25217536
2026-08-17T13:51:05.046947+00:00,42e1a3f,NVIDIA GeForce GTX 1650 Ti,block,triton_composed,512,float32,"void at::native::elementwise_kernel<(int)128, (int)2, void at::native::gpu_kernel_impl_nocast<at::native::direct_copy_kernel_cuda(at::TensorIteratorBase &)::[lambda() (instance 3)]::operator ()() const::[lambda() (instance 7)]::operator ()() const::[lambda(float) (instance 1)]>(at::TensorIteratorBase &, const T1 &)::[lambda(int) (instance 1)]>(int, T3)",dram__bytes_write.sum,byte,24897888
2026-08-17T13:51:05.046947+00:00,42e1a3f,NVIDIA GeForce GTX 1650 Ti,block,triton_composed,512,float32,"void at::native::elementwise_kernel<(int)128, (int)2, void at::native::gpu_kernel_impl_nocast<at::native::direct_copy_kernel_cuda(at::TensorIteratorBase &)::[lambda() (instance 3)]::operator ()() const::[lambda() (instance 7)]::operator ()() const::[lambda(float) (instance 1)]>(at::TensorIteratorBase &, const T1 &)::[lambda(int) (instance 1)]>(int, T3)",l1tex__t_bytes_pipe_lsu_mem_local_op_ld.sum,byte,0
2026-08-17T13:51:05.046947+00:00,42e1a3f,NVIDIA GeForce GTX 1650 Ti,block,triton_composed,512,float32,"void at::native::elementwise_kernel<(int)128, (int)2, void at::native::gpu_kernel_impl_nocast<at::native::direct_copy_kernel_cuda(at::TensorIteratorBase &)::[lambda() (instance 3)]::operator ()() const::[lambda() (instance 7)]::operator ()() const::[lambda(float) (instance 1)]>(at::TensorIteratorBase &, const T1 &)::[lambda(int) (instance 1)]>(int, T3)",l1tex__t_bytes_pipe_lsu_mem_local_op_st.sum,byte,0
2026-08-17T13:51:05.046947+00:00,42e1a3f,NVIDIA GeForce GTX 1650 Ti,block,triton_composed,512,float32,"void at::native::elementwise_kernel<(int)128, (int)2, void at::native::gpu_kernel_impl_nocast<at::native::direct_copy_kernel_cuda(at::TensorIteratorBase &)::[lambda() (instance 3)]::operator ()() const::[lambda() (instance 7)]::operator ()() const::[lambda(float) (instance 1)]>(at::TensorIteratorBase &, const T1 &)::[lambda(int) (instance 1)]>(int, T3)",l1tex__t_sector_hit_rate.pct,%,0
2026-08-17T13:51:05.046947+00:00,42e1a3f,NVIDIA GeForce GTX 1650 Ti,block,triton_composed,512,float32,"void at::native::elementwise_kernel<(int)128, (int)2, void at::native::gpu_kernel_impl_nocast<at::native::direct_copy_kernel_cuda(at::TensorIteratorBase &)::[lambda() (instance 3)]::operator ()() const::[lambda() (instance 7)]::operator ()() const::[lambda(float) (instance 1)]>(at::TensorIteratorBase &, const T1 &)::[lambda(int) (instance 1)]>(int, T3)",launch__registers_per_thread,register/thread,16
2026-08-17T13:51:05.046947+00:00,42e1a3f,NVIDIA GeForce GTX 1650 Ti,block,triton_composed,512,float32,"void at::native::elementwise_kernel<(int)128, (int)2, void at::native::gpu_kernel_impl_nocast<at::native::direct_copy_kernel_cuda(at::TensorIteratorBase &)::[lambda() (instance 3)]::operator ()() const::[lambda() (instance 7)]::operator ()() const::[lambda(float) (instance 1)]>(at::TensorIteratorBase &, const T1 &)::[lambda(int) (instance 1)]>(int, T3)",sm__warps_active.avg.pct_of_peak_sustained_active,%,90.77
2026-08-17T13:51:05.046947+00:00,42e1a3f,NVIDIA GeForce GTX 1650 Ti,block,triton_composed,512,float32,"void at::native::elementwise_kernel<(int)128, (int)2, void at::native::gpu_kernel_impl_nocast<at::native::direct_copy_kernel_cuda(at::TensorIteratorBase &)::[lambda() (instance 3)]::operator ()() const::[lambda() (instance 7)]::operator ()() const::[lambda(float) (instance 1)]>(at::TensorIteratorBase &, const T1 &)::[lambda(int) (instance 1)]>(int, T3)",dram__bytes_read.sum,byte,25217856
2026-08-17T13:51:05.046947+00:00,42e1a3f,NVIDIA GeForce GTX 1650 Ti,block,triton_composed,512,float32,"void at::native::elementwise_kernel<(int)128, (int)2, void at::native::gpu_kernel_impl_nocast<at::native::direct_copy_kernel_cuda(at::TensorIteratorBase &)::[lambda() (instance 3)]::operator ()() const::[lambda() (instance 7)]::operator ()() const::[lambda(float) (instance 1)]>(at::TensorIteratorBase &, const T1 &)::[lambda(int) (instance 1)]>(int, T3)",dram__bytes_write.sum,byte,24873760
2026-08-17T13:51:05.046947+00:00,42e1a3f,NVIDIA GeForce GTX 1650 Ti,block,triton_composed,512,float32,"void at::native::elementwise_kernel<(int)128, (int)2, void at::native::gpu_kernel_impl_nocast<at::native::direct_copy_kernel_cuda(at::TensorIteratorBase &)::[lambda() (instance 3)]::operator ()() const::[lambda() (instance 7)]::operator ()() const::[lambda(float) (instance 1)]>(at::TensorIteratorBase &, const T1 &)::[lambda(int) (instance 1)]>(int, T3)",l1tex__t_bytes_pipe_lsu_mem_local_op_ld.sum,byte,0
2026-08-17T13:51:05.046947+00:00,42e1a3f,NVIDIA GeForce GTX 1650 Ti,block,triton_composed,512,float32,"void at::native::elementwise_kernel<(int)128, (int)2, void at::native::gpu_kernel_impl_nocast<at::native::direct_copy_kernel_cuda(at::TensorIteratorBase &)::[lambda() (instance 3)]::operator ()() const::[lambda() (instance 7)]::operator ()() const::[lambda(float) (instance 1)]>(at::TensorIteratorBase &, const T1 &)::[lambda(int) (instance 1)]>(int, T3)",l1tex__t_bytes_pipe_lsu_mem_local_op_st.sum,byte,0
2026-08-17T13:51:05.046947+00:00,42e1a3f,NVIDIA GeForce GTX 1650 Ti,block,triton_composed,512,float32,"void at::native::elementwise_kernel<(int)128, (int)2, void at::native::gpu_kernel_impl_nocast<at::native::direct_copy_kernel_cuda(at::TensorIteratorBase &)::[lambda() (instance 3)]::operator ()() const::[lambda() (instance 7)]::operator ()() const::[lambda(float) (instance 1)]>(at::TensorIteratorBase &, const T1 &)::[lambda(int) (instance 1)]>(int, T3)",l1tex__t_sector_hit_rate.pct,%,0
2026-08-17T13:51:05.046947+00:00,42e1a3f,NVIDIA GeForce GTX 1650 Ti,block,triton_composed,512,float32,"void at::native::elementwise_kernel<(int)128, (int)2, void at::native::gpu_kernel_impl_nocast<at::native::direct_copy_kernel_cuda(at::TensorIteratorBase &)::[lambda() (instance 3)]::operator ()() const::[lambda() (instance 7)]::operator ()() const::[lambda(float) (instance 1)]>(at::TensorIteratorBase &, const T1 &)::[lambda(int) (instance 1)]>(int, T3)",launch__registers_per_thread,register/thread,16
2026-08-17T13:51:05.046947+00:00,42e1a3f,NVIDIA GeForce GTX 1650 Ti,block,triton_composed,512,float32,"void at::native::elementwise_kernel<(int)128, (int)2, void at::native::gpu_kernel_impl_nocast<at::native::direct_copy_kernel_cuda(at::TensorIteratorBase &)::[lambda() (instance 3)]::operator ()() const::[lambda() (instance 7)]::operator ()() const::[lambda(float) (instance 1)]>(at::TensorIteratorBase &, const T1 &)::[lambda(int) (instance 1)]>(int, T3)",sm__warps_active.avg.pct_of_peak_sustained_active,%,90.90
2026-08-17T13:51:05.046947+00:00,42e1a3f,NVIDIA GeForce GTX 1650 Ti,block,triton_composed,512,float32,_flash_kernel,dram__bytes_read.sum,byte,84505920
2026-08-17T13:51:05.046947+00:00,42e1a3f,NVIDIA GeForce GTX 1650 Ti,block,triton_composed,512,float32,_flash_kernel,dram__bytes_write.sum,byte,107856800
2026-08-17T13:51:05.046947+00:00,42e1a3f,NVIDIA GeForce GTX 1650 Ti,block,triton_composed,512,float32,_flash_kernel,l1tex__t_bytes_pipe_lsu_mem_local_op_ld.sum,byte,158859264
2026-08-17T13:51:05.046947+00:00,42e1a3f,NVIDIA GeForce GTX 1650 Ti,block,triton_composed,512,float32,_flash_kernel,l1tex__t_bytes_pipe_lsu_mem_local_op_st.sum,byte,83361792
2026-08-17T13:51:05.046947+00:00,42e1a3f,NVIDIA GeForce GTX 1650 Ti,block,triton_composed,512,float32,_flash_kernel,l1tex__t_sector_hit_rate.pct,%,35.58
2026-08-17T13:51:05.046947+00:00,42e1a3f,NVIDIA GeForce GTX 1650 Ti,block,triton_composed,512,float32,_flash_kernel,launch__registers_per_thread,register/thread,255
2026-08-17T13:51:05.046947+00:00,42e1a3f,NVIDIA GeForce GTX 1650 Ti,block,triton_composed,512,float32,_flash_kernel,sm__warps_active.avg.pct_of_peak_sustained_active,%,12.48
2026-08-17T13:51:05.046947+00:00,42e1a3f,NVIDIA GeForce GTX 1650 Ti,block,triton_composed,512,float32,"void at::native::elementwise_kernel<(int)128, (int)2, void at::native::gpu_kernel_impl_nocast<at::native::direct_copy_kernel_cuda(at::TensorIteratorBase &)::[lambda() (instance 3)]::operator ()() const::[lambda() (instance 7)]::operator ()() const::[lambda(float) (instance 1)]>(at::TensorIteratorBase &, const T1 &)::[lambda(int) (instance 1)]>(int, T3)",dram__bytes_read.sum,byte,25232928
2026-08-17T13:51:05.046947+00:00,42e1a3f,NVIDIA GeForce GTX 1650 Ti,block,triton_composed,512,float32,"void at::native::elementwise_kernel<(int)128, (int)2, void at::native::gpu_kernel_impl_nocast<at::native::direct_copy_kernel_cuda(at::TensorIteratorBase &)::[lambda() (instance 3)]::operator ()() const::[lambda() (instance 7)]::operator ()() const::[lambda(float) (instance 1)]>(at::TensorIteratorBase &, const T1 &)::[lambda(int) (instance 1)]>(int, T3)",dram__bytes_write.sum,byte,24892032
2026-08-17T13:51:05.046947+00:00,42e1a3f,NVIDIA GeForce GTX 1650 Ti,block,triton_composed,512,float32,"void at::native::elementwise_kernel<(int)128, (int)2, void at::native::gpu_kernel_impl_nocast<at::native::direct_copy_kernel_cuda(at::TensorIteratorBase &)::[lambda() (instance 3)]::operator ()() const::[lambda() (instance 7)]::operator ()() const::[lambda(float) (instance 1)]>(at::TensorIteratorBase &, const T1 &)::[lambda(int) (instance 1)]>(int, T3)",l1tex__t_bytes_pipe_lsu_mem_local_op_ld.sum,byte,0
2026-08-17T13:51:05.046947+00:00,42e1a3f,NVIDIA GeForce GTX 1650 Ti,block,triton_composed,512,float32,"void at::native::elementwise_kernel<(int)128, (int)2, void at::native::gpu_kernel_impl_nocast<at::native::direct_copy_kernel_cuda(at::TensorIteratorBase &)::[lambda() (instance 3)]::operator ()() const::[lambda() (instance 7)]::operator ()() const::[lambda(float) (instance 1)]>(at::TensorIteratorBase &, const T1 &)::[lambda(int) (instance 1)]>(int, T3)",l1tex__t_bytes_pipe_lsu_mem_local_op_st.sum,byte,0
2026-08-17T13:51:05.046947+00:00,42e1a3f,NVIDIA GeForce GTX 1650 Ti,block,triton_composed,512,float32,"void at::native::elementwise_kernel<(int)128, (int)2, void at::native::gpu_kernel_impl_nocast<at::native::direct_copy_kernel_cuda(at::TensorIteratorBase &)::[lambda() (instance 3)]::operator ()() const::[lambda() (instance 7)]::operator ()() const::[lambda(float) (instance 1)]>(at::TensorIteratorBase &, const T1 &)::[lambda(int) (instance 1)]>(int, T3)",l1tex__t_sector_hit_rate.pct,%,0
2026-08-17T13:51:05.046947+00:00,42e1a3f,NVIDIA GeForce GTX 1650 Ti,block,triton_composed,512,float32,"void at::native::elementwise_kernel<(int)128, (int)2, void at::native::gpu_kernel_impl_nocast<at::native::direct_copy_kernel_cuda(at::TensorIteratorBase &)::[lambda() (instance 3)]::operator ()() const::[lambda() (instance 7)]::operator ()() const::[lambda(float) (instance 1)]>(at::TensorIteratorBase &, const T1 &)::[lambda(int) (instance 1)]>(int, T3)",launch__registers_per_thread,register/thread,16
2026-08-17T13:51:05.046947+00:00,42e1a3f,NVIDIA GeForce GTX 1650 Ti,block,triton_composed,512,float32,"void at::native::elementwise_kernel<(int)128, (int)2, void at::native::gpu_kernel_impl_nocast<at::native::direct_copy_kernel_cuda(at::TensorIteratorBase &)::[lambda() (instance 3)]::operator ()() const::[lambda() (instance 7)]::operator ()() const::[lambda(float) (instance 1)]>(at::TensorIteratorBase &, const T1 &)::[lambda(int) (instance 1)]>(int, T3)",sm__warps_active.avg.pct_of_peak_sustained_active,%,90.83
2026-08-17T13:51:05.046947+00:00,42e1a3f,NVIDIA GeForce GTX 1650 Ti,block,triton_composed,512,float32,_linear_kernel,dram__bytes_read.sum,byte,76229280
2026-08-17T13:51:05.046947+00:00,42e1a3f,NVIDIA GeForce GTX 1650 Ti,block,triton_composed,512,float32,_linear_kernel,dram__bytes_write.sum,byte,24928064
2026-08-17T13:51:05.046947+00:00,42e1a3f,NVIDIA GeForce GTX 1650 Ti,block,triton_composed,512,float32,_linear_kernel,l1tex__t_bytes_pipe_lsu_mem_local_op_ld.sum,byte,0
2026-08-17T13:51:05.046947+00:00,42e1a3f,NVIDIA GeForce GTX 1650 Ti,block,triton_composed,512,float32,_linear_kernel,l1tex__t_bytes_pipe_lsu_mem_local_op_st.sum,byte,0
2026-08-17T13:51:05.046947+00:00,42e1a3f,NVIDIA GeForce GTX 1650 Ti,block,triton_composed,512,float32,_linear_kernel,l1tex__t_sector_hit_rate.pct,%,1.03
2026-08-17T13:51:05.046947+00:00,42e1a3f,NVIDIA GeForce GTX 1650 Ti,block,triton_composed,512,float32,_linear_kernel,launch__registers_per_thread,register/thread,128
2026-08-17T13:51:05.046947+00:00,42e1a3f,NVIDIA GeForce GTX 1650 Ti,block,triton_composed,512,float32,_linear_kernel,sm__warps_active.avg.pct_of_peak_sustained_active,%,49.37
2026-08-17T13:51:05.046947+00:00,42e1a3f,NVIDIA GeForce GTX 1650 Ti,block,triton_composed,512,float32,_layernorm_residual_kernel,dram__bytes_read.sum,byte,50378304
2026-08-17T13:51:05.046947+00:00,42e1a3f,NVIDIA GeForce GTX 1650 Ti,block,triton_composed,512,float32,_layernorm_residual_kernel,dram__bytes_write.sum,byte,50004992
2026-08-17T13:51:05.046947+00:00,42e1a3f,NVIDIA GeForce GTX 1650 Ti,block,triton_composed,512,float32,_layernorm_residual_kernel,l1tex__t_bytes_pipe_lsu_mem_local_op_ld.sum,byte,0
2026-08-17T13:51:05.046947+00:00,42e1a3f,NVIDIA GeForce GTX 1650 Ti,block,triton_composed,512,float32,_layernorm_residual_kernel,l1tex__t_bytes_pipe_lsu_mem_local_op_st.sum,byte,0
2026-08-17T13:51:05.046947+00:00,42e1a3f,NVIDIA GeForce GTX 1650 Ti,block,triton_composed,512,float32,_layernorm_residual_kernel,l1tex__t_sector_hit_rate.pct,%,33.32
2026-08-17T13:51:05.046947+00:00,42e1a3f,NVIDIA GeForce GTX 1650 Ti,block,triton_composed,512,float32,_layernorm_residual_kernel,launch__registers_per_thread,register/thread,27
2026-08-17T13:51:05.046947+00:00,42e1a3f,NVIDIA GeForce GTX 1650 Ti,block,triton_composed,512,float32,_layernorm_residual_kernel,sm__warps_active.avg.pct_of_peak_sustained_active,%,94.10
2026-08-17T13:51:05.046947+00:00,42e1a3f,NVIDIA GeForce GTX 1650 Ti,block,triton_composed,512,float32,_linear_gelu_kernel,dram__bytes_read.sum,byte,303257856
2026-08-17T13:51:05.046947+00:00,42e1a3f,NVIDIA GeForce GTX 1650 Ti,block,triton_composed,512,float32,_linear_gelu_kernel,dram__bytes_write.sum,byte,100401600
2026-08-17T13:51:05.046947+00:00,42e1a3f,NVIDIA GeForce GTX 1650 Ti,block,triton_composed,512,float32,_linear_gelu_kernel,l1tex__t_bytes_pipe_lsu_mem_local_op_ld.sum,byte,0
2026-08-17T13:51:05.046947+00:00,42e1a3f,NVIDIA GeForce GTX 1650 Ti,block,triton_composed,512,float32,_linear_gelu_kernel,l1tex__t_bytes_pipe_lsu_mem_local_op_st.sum,byte,0
2026-08-17T13:51:05.046947+00:00,42e1a3f,NVIDIA GeForce GTX 1650 Ti,block,triton_composed,512,float32,_linear_gelu_kernel,l1tex__t_sector_hit_rate.pct,%,0.83
2026-08-17T13:51:05.046947+00:00,42e1a3f,NVIDIA GeForce GTX 1650 Ti,block,triton_composed,512,float32,_linear_gelu_kernel,launch__registers_per_thread,register/thread,168
2026-08-17T13:51:05.046947+00:00,42e1a3f,NVIDIA GeForce GTX 1650 Ti,block,triton_composed,512,float32,_linear_gelu_kernel,sm__warps_active.avg.pct_of_peak_sustained_active,%,37.35
2026-08-17T13:51:05.046947+00:00,42e1a3f,NVIDIA GeForce GTX 1650 Ti,block,triton_composed,512,float32,_linear_kernel,dram__bytes_read.sum,byte,322269824
2026-08-17T13:51:05.046947+00:00,42e1a3f,NVIDIA GeForce GTX 1650 Ti,block,triton_composed,512,float32,_linear_kernel,dram__bytes_write.sum,byte,25108512
2026-08-17T13:51:05.046947+00:00,42e1a3f,NVIDIA GeForce GTX 1650 Ti,block,triton_composed,512,float32,_linear_kernel,l1tex__t_bytes_pipe_lsu_mem_local_op_ld.sum,byte,0
2026-08-17T13:51:05.046947+00:00,42e1a3f,NVIDIA GeForce GTX 1650 Ti,block,triton_composed,512,float32,_linear_kernel,l1tex__t_bytes_pipe_lsu_mem_local_op_st.sum,byte,0
2026-08-17T13:51:05.046947+00:00,42e1a3f,NVIDIA GeForce GTX 1650 Ti,block,triton_composed,512,float32,_linear_kernel,l1tex__t_sector_hit_rate.pct,%,0.26
2026-08-17T13:51:05.046947+00:00,42e1a3f,NVIDIA GeForce GTX 1650 Ti,block,triton_composed,512,float32,_linear_kernel,launch__registers_per_thread,register/thread,128
2026-08-17T13:51:05.046947+00:00,42e1a3f,NVIDIA GeForce GTX 1650 Ti,block,triton_composed,512,float32,_linear_kernel,sm__warps_active.avg.pct_of_peak_sustained_active,%,49.44
2026-08-17T13:51:05.046947+00:00,42e1a3f,NVIDIA GeForce GTX 1650 Ti,block,triton_composed,512,float32,"void at::native::vectorized_elementwise_kernel<(int)4, at::native::CUDAFunctor_add<float>, std::array<char *, (unsigned long)3>>(int, T2, T3)",dram__bytes_read.sum,byte,50366560
2026-08-17T13:51:05.046947+00:00,42e1a3f,NVIDIA GeForce GTX 1650 Ti,block,triton_composed,512,float32,"void at::native::vectorized_elementwise_kernel<(int)4, at::native::CUDAFunctor_add<float>, std::array<char *, (unsigned long)3>>(int, T2, T3)",dram__bytes_write.sum,byte,24886784
2026-08-17T13:51:05.046947+00:00,42e1a3f,NVIDIA GeForce GTX 1650 Ti,block,triton_composed,512,float32,"void at::native::vectorized_elementwise_kernel<(int)4, at::native::CUDAFunctor_add<float>, std::array<char *, (unsigned long)3>>(int, T2, T3)",l1tex__t_bytes_pipe_lsu_mem_local_op_ld.sum,byte,0
2026-08-17T13:51:05.046947+00:00,42e1a3f,NVIDIA GeForce GTX 1650 Ti,block,triton_composed,512,float32,"void at::native::vectorized_elementwise_kernel<(int)4, at::native::CUDAFunctor_add<float>, std::array<char *, (unsigned long)3>>(int, T2, T3)",l1tex__t_bytes_pipe_lsu_mem_local_op_st.sum,byte,0
2026-08-17T13:51:05.046947+00:00,42e1a3f,NVIDIA GeForce GTX 1650 Ti,block,triton_composed,512,float32,"void at::native::vectorized_elementwise_kernel<(int)4, at::native::CUDAFunctor_add<float>, std::array<char *, (unsigned long)3>>(int, T2, T3)",l1tex__t_sector_hit_rate.pct,%,0
2026-08-17T13:51:05.046947+00:00,42e1a3f,NVIDIA GeForce GTX 1650 Ti,block,triton_composed,512,float32,"void at::native::vectorized_elementwise_kernel<(int)4, at::native::CUDAFunctor_add<float>, std::array<char *, (unsigned long)3>>(int, T2, T3)",launch__registers_per_thread,register/thread,40
2026-08-17T13:51:05.046947+00:00,42e1a3f,NVIDIA GeForce GTX 1650 Ti,block,triton_composed,512,float32,"void at::native::vectorized_elementwise_kernel<(int)4, at::native::CUDAFunctor_add<float>, std::array<char *, (unsigned long)3>>(int, T2, T3)",sm__warps_active.avg.pct_of_peak_sustained_active,%,82.74
2026-08-17T13:51:05.046947+00:00,42e1a3f,NVIDIA GeForce GTX 1650 Ti,block,triton_composed,512,float32,_layernorm_kernel,dram__bytes_read.sum,byte,25234624
2026-08-17T13:51:05.046947+00:00,42e1a3f,NVIDIA GeForce GTX 1650 Ti,block,triton_composed,512,float32,_layernorm_kernel,dram__bytes_write.sum,byte,24888032
2026-08-17T13:51:05.046947+00:00,42e1a3f,NVIDIA GeForce GTX 1650 Ti,block,triton_composed,512,float32,_layernorm_kernel,l1tex__t_bytes_pipe_lsu_mem_local_op_ld.sum,byte,0
2026-08-17T13:51:05.046947+00:00,42e1a3f,NVIDIA GeForce GTX 1650 Ti,block,triton_composed,512,float32,_layernorm_kernel,l1tex__t_bytes_pipe_lsu_mem_local_op_st.sum,byte,0
2026-08-17T13:51:05.046947+00:00,42e1a3f,NVIDIA GeForce GTX 1650 Ti,block,triton_composed,512,float32,_layernorm_kernel,l1tex__t_sector_hit_rate.pct,%,49.97
2026-08-17T13:51:05.046947+00:00,42e1a3f,NVIDIA GeForce GTX 1650 Ti,block,triton_composed,512,float32,_layernorm_kernel,launch__registers_per_thread,register/thread,28
2026-08-17T13:51:05.046947+00:00,42e1a3f,NVIDIA GeForce GTX 1650 Ti,block,triton_composed,512,float32,_layernorm_kernel,sm__warps_active.avg.pct_of_peak_sustained_active,%,92.27
2026-08-17T13:51:05.046947+00:00,42e1a3f,NVIDIA GeForce GTX 1650 Ti,block,triton_composed,512,float32,_linear_kernel,dram__bytes_read.sum,byte,227620512
2026-08-17T13:51:05.046947+00:00,42e1a3f,NVIDIA GeForce GTX 1650 Ti,block,triton_composed,512,float32,_linear_kernel,dram__bytes_write.sum,byte,75258240
2026-08-17T13:51:05.046947+00:00,42e1a3f,NVIDIA GeForce GTX 1650 Ti,block,triton_composed,512,float32,_linear_kernel,l1tex__t_bytes_pipe_lsu_mem_local_op_ld.sum,byte,0
2026-08-17T13:51:05.046947+00:00,42e1a3f,NVIDIA GeForce GTX 1650 Ti,block,triton_composed,512,float32,_linear_kernel,l1tex__t_bytes_pipe_lsu_mem_local_op_st.sum,byte,0
2026-08-17T13:51:05.046947+00:00,42e1a3f,NVIDIA GeForce GTX 1650 Ti,block,triton_composed,512,float32,_linear_kernel,l1tex__t_sector_hit_rate.pct,%,0.86
2026-08-17T13:51:05.046947+00:00,42e1a3f,NVIDIA GeForce GTX 1650 Ti,block,triton_composed,512,float32,_linear_kernel,launch__registers_per_thread,register/thread,128
2026-08-17T13:51:05.046947+00:00,42e1a3f,NVIDIA GeForce GTX 1650 Ti,block,triton_composed,512,float32,_linear_kernel,sm__warps_active.avg.pct_of_peak_sustained_active,%,49.72
2026-08-17T13:51:05.046947+00:00,42e1a3f,NVIDIA GeForce GTX 1650 Ti,block,triton_composed,512,float32,"void at::native::elementwise_kernel<(int)128, (int)2, void at::native::gpu_kernel_impl_nocast<at::native::direct_copy_kernel_cuda(at::TensorIteratorBase &)::[lambda() (instance 3)]::operator ()() const::[lambda() (instance 7)]::operator ()() const::[lambda(float) (instance 1)]>(at::TensorIteratorBase &, const T1 &)::[lambda(int) (instance 1)]>(int, T3)",dram__bytes_read.sum,byte,25217024
2026-08-17T13:51:05.046947+00:00,42e1a3f,NVIDIA GeForce GTX 1650 Ti,block,triton_composed,512,float32,"void at::native::elementwise_kernel<(int)128, (int)2, void at::native::gpu_kernel_impl_nocast<at::native::direct_copy_kernel_cuda(at::TensorIteratorBase &)::[lambda() (instance 3)]::operator ()() const::[lambda() (instance 7)]::operator ()() const::[lambda(float) (instance 1)]>(at::TensorIteratorBase &, const T1 &)::[lambda(int) (instance 1)]>(int, T3)",dram__bytes_write.sum,byte,24861504
2026-08-17T13:51:05.046947+00:00,42e1a3f,NVIDIA GeForce GTX 1650 Ti,block,triton_composed,512,float32,"void at::native::elementwise_kernel<(int)128, (int)2, void at::native::gpu_kernel_impl_nocast<at::native::direct_copy_kernel_cuda(at::TensorIteratorBase &)::[lambda() (instance 3)]::operator ()() const::[lambda() (instance 7)]::operator ()() const::[lambda(float) (instance 1)]>(at::TensorIteratorBase &, const T1 &)::[lambda(int) (instance 1)]>(int, T3)",l1tex__t_bytes_pipe_lsu_mem_local_op_ld.sum,byte,0
2026-08-17T13:51:05.046947+00:00,42e1a3f,NVIDIA GeForce GTX 1650 Ti,block,triton_composed,512,float32,"void at::native::elementwise_kernel<(int)128, (int)2, void at::native::gpu_kernel_impl_nocast<at::native::direct_copy_kernel_cuda(at::TensorIteratorBase &)::[lambda() (instance 3)]::operator ()() const::[lambda() (instance 7)]::operator ()() const::[lambda(float) (instance 1)]>(at::TensorIteratorBase &, const T1 &)::[lambda(int) (instance 1)]>(int, T3)",l1tex__t_bytes_pipe_lsu_mem_local_op_st.sum,byte,0
2026-08-17T13:51:05.046947+00:00,42e1a3f,NVIDIA GeForce GTX 1650 Ti,block,triton_composed,512,float32,"void at::native::elementwise_kernel<(int)128, (int)2, void at::native::gpu_kernel_impl_nocast<at::native::direct_copy_kernel_cuda(at::TensorIteratorBase &)::[lambda() (instance 3)]::operator ()() const::[lambda() (instance 7)]::operator ()() const::[lambda(float) (instance 1)]>(at::TensorIteratorBase &, const T1 &)::[lambda(int) (instance 1)]>(int, T3)",l1tex__t_sector_hit_rate.pct,%,0
2026-08-17T13:51:05.046947+00:00,42e1a3f,NVIDIA GeForce GTX 1650 Ti,block,triton_composed,512,float32,"void at::native::elementwise_kernel<(int)128, (int)2, void at::native::gpu_kernel_impl_nocast<at::native::direct_copy_kernel_cuda(at::TensorIteratorBase &)::[lambda() (instance 3)]::operator ()() const::[lambda() (instance 7)]::operator ()() const::[lambda(float) (instance 1)]>(at::TensorIteratorBase &, const T1 &)::[lambda(int) (instance 1)]>(int, T3)",launch__registers_per_thread,register/thread,16
2026-08-17T13:51:05.046947+00:00,42e1a3f,NVIDIA GeForce GTX 1650 Ti,block,triton_composed,512,float32,"void at::native::elementwise_kernel<(int)128, (int)2, void at::native::gpu_kernel_impl_nocast<at::native::direct_copy_kernel_cuda(at::TensorIteratorBase &)::[lambda() (instance 3)]::operator ()() const::[lambda() (instance 7)]::operator ()() const::[lambda(float) (instance 1)]>(at::TensorIteratorBase &, const T1 &)::[lambda(int) (instance 1)]>(int, T3)",sm__warps_active.avg.pct_of_peak_sustained_active,%,90.81
2026-08-17T13:51:10.239718+00:00,42e1a3f,NVIDIA GeForce GTX 1650 Ti,block,triton_fused,1,float32,"void at::native::elementwise_kernel<(int)128, (int)2, void at::native::gpu_kernel_impl_nocast<at::native::direct_copy_kernel_cuda(at::TensorIteratorBase &)::[lambda() (instance 3)]::operator ()() const::[lambda() (instance 7)]::operator ()() const::[lambda(float) (instance 1)]>(at::TensorIteratorBase &, const T1 &)::[lambda(int) (instance 1)]>(int, T3)",dram__bytes_read.sum,byte,59584
2026-08-17T13:51:10.239718+00:00,42e1a3f,NVIDIA GeForce GTX 1650 Ti,block,triton_fused,1,float32,"void at::native::elementwise_kernel<(int)128, (int)2, void at::native::gpu_kernel_impl_nocast<at::native::direct_copy_kernel_cuda(at::TensorIteratorBase &)::[lambda() (instance 3)]::operator ()() const::[lambda() (instance 7)]::operator ()() const::[lambda(float) (instance 1)]>(at::TensorIteratorBase &, const T1 &)::[lambda(int) (instance 1)]>(int, T3)",dram__bytes_write.sum,byte,7616
2026-08-17T13:51:10.239718+00:00,42e1a3f,NVIDIA GeForce GTX 1650 Ti,block,triton_fused,1,float32,"void at::native::elementwise_kernel<(int)128, (int)2, void at::native::gpu_kernel_impl_nocast<at::native::direct_copy_kernel_cuda(at::TensorIteratorBase &)::[lambda() (instance 3)]::operator ()() const::[lambda() (instance 7)]::operator ()() const::[lambda(float) (instance 1)]>(at::TensorIteratorBase &, const T1 &)::[lambda(int) (instance 1)]>(int, T3)",l1tex__t_bytes_pipe_lsu_mem_local_op_ld.sum,byte,0
2026-08-17T13:51:10.239718+00:00,42e1a3f,NVIDIA GeForce GTX 1650 Ti,block,triton_fused,1,float32,"void at::native::elementwise_kernel<(int)128, (int)2, void at::native::gpu_kernel_impl_nocast<at::native::direct_copy_kernel_cuda(at::TensorIteratorBase &)::[lambda() (instance 3)]::operator ()() const::[lambda() (instance 7)]::operator ()() const::[lambda(float) (instance 1)]>(at::TensorIteratorBase &, const T1 &)::[lambda(int) (instance 1)]>(int, T3)",l1tex__t_bytes_pipe_lsu_mem_local_op_st.sum,byte,0
2026-08-17T13:51:10.239718+00:00,42e1a3f,NVIDIA GeForce GTX 1650 Ti,block,triton_fused,1,float32,"void at::native::elementwise_kernel<(int)128, (int)2, void at::native::gpu_kernel_impl_nocast<at::native::direct_copy_kernel_cuda(at::TensorIteratorBase &)::[lambda() (instance 3)]::operator ()() const::[lambda() (instance 7)]::operator ()() const::[lambda(float) (instance 1)]>(at::TensorIteratorBase &, const T1 &)::[lambda(int) (instance 1)]>(int, T3)",l1tex__t_sector_hit_rate.pct,%,0
2026-08-17T13:51:10.239718+00:00,42e1a3f,NVIDIA GeForce GTX 1650 Ti,block,triton_fused,1,float32,"void at::native::elementwise_kernel<(int)128, (int)2, void at::native::gpu_kernel_impl_nocast<at::native::direct_copy_kernel_cuda(at::TensorIteratorBase &)::[lambda() (instance 3)]::operator ()() const::[lambda() (instance 7)]::operator ()() const::[lambda(float) (instance 1)]>(at::TensorIteratorBase &, const T1 &)::[lambda(int) (instance 1)]>(int, T3)",launch__registers_per_thread,register/thread,16
2026-08-17T13:51:10.239718+00:00,42e1a3f,NVIDIA GeForce GTX 1650 Ti,block,triton_fused,1,float32,"void at::native::elementwise_kernel<(int)128, (int)2, void at::native::gpu_kernel_impl_nocast<at::native::direct_copy_kernel_cuda(at::TensorIteratorBase &)::[lambda() (instance 3)]::operator ()() const::[lambda() (instance 7)]::operator ()() const::[lambda(float) (instance 1)]>(at::TensorIteratorBase &, const T1 &)::[lambda(int) (instance 1)]>(int, T3)",sm__warps_active.avg.pct_of_peak_sustained_active,%,36.38
2026-08-17T13:51:10.239718+00:00,42e1a3f,NVIDIA GeForce GTX 1650 Ti,block,triton_fused,1,float32,"void at::native::elementwise_kernel<(int)128, (int)2, void at::native::gpu_kernel_impl_nocast<at::native::direct_copy_kernel_cuda(at::TensorIteratorBase &)::[lambda() (instance 3)]::operator ()() const::[lambda() (instance 7)]::operator ()() const::[lambda(float) (instance 1)]>(at::TensorIteratorBase &, const T1 &)::[lambda(int) (instance 1)]>(int, T3)",dram__bytes_read.sum,byte,59648
2026-08-17T13:51:10.239718+00:00,42e1a3f,NVIDIA GeForce GTX 1650 Ti,block,triton_fused,1,float32,"void at::native::elementwise_kernel<(int)128, (int)2, void at::native::gpu_kernel_impl_nocast<at::native::direct_copy_kernel_cuda(at::TensorIteratorBase &)::[lambda() (instance 3)]::operator ()() const::[lambda() (instance 7)]::operator ()() const::[lambda(float) (instance 1)]>(at::TensorIteratorBase &, const T1 &)::[lambda(int) (instance 1)]>(int, T3)",dram__bytes_write.sum,byte,5184
2026-08-17T13:51:10.239718+00:00,42e1a3f,NVIDIA GeForce GTX 1650 Ti,block,triton_fused,1,float32,"void at::native::elementwise_kernel<(int)128, (int)2, void at::native::gpu_kernel_impl_nocast<at::native::direct_copy_kernel_cuda(at::TensorIteratorBase &)::[lambda() (instance 3)]::operator ()() const::[lambda() (instance 7)]::operator ()() const::[lambda(float) (instance 1)]>(at::TensorIteratorBase &, const T1 &)::[lambda(int) (instance 1)]>(int, T3)",l1tex__t_bytes_pipe_lsu_mem_local_op_ld.sum,byte,0
2026-08-17T13:51:10.239718+00:00,42e1a3f,NVIDIA GeForce GTX 1650 Ti,block,triton_fused,1,float32,"void at::native::elementwise_kernel<(int)128, (int)2, void at::native::gpu_kernel_impl_nocast<at::native::direct_copy_kernel_cuda(at::TensorIteratorBase &)::[lambda() (instance 3)]::operator ()() const::[lambda() (instance 7)]::operator ()() const::[lambda(float) (instance 1)]>(at::TensorIteratorBase &, const T1 &)::[lambda(int) (instance 1)]>(int, T3)",l1tex__t_bytes_pipe_lsu_mem_local_op_st.sum,byte,0
2026-08-17T13:51:10.239718+00:00,42e1a3f,NVIDIA GeForce GTX 1650 Ti,block,triton_fused,1,float32,"void at::native::elementwise_kernel<(int)128, (int)2, void at::native::gpu_kernel_impl_nocast<at::native::direct_copy_kernel_cuda(at::TensorIteratorBase &)::[lambda() (instance 3)]::operator ()() const::[lambda() (instance 7)]::operator ()() const::[lambda(float) (instance 1)]>(at::TensorIteratorBase &, const T1 &)::[lambda(int) (instance 1)]>(int, T3)",l1tex__t_sector_hit_rate.pct,%,0
2026-08-17T13:51:10.239718+00:00,42e1a3f,NVIDIA GeForce GTX 1650 Ti,block,triton_fused,1,float32,"void at::native::elementwise_kernel<(int)128, (int)2, void at::native::gpu_kernel_impl_nocast<at::native::direct_copy_kernel_cuda(at::TensorIteratorBase &)::[lambda() (instance 3)]::operator ()() const::[lambda() (instance 7)]::operator ()() const::[lambda(float) (instance 1)]>(at::TensorIteratorBase &, const T1 &)::[lambda(int) (instance 1)]>(int, T3)",launch__registers_per_thread,register/thread,16
2026-08-17T13:51:10.239718+00:00,42e1a3f,NVIDIA GeForce GTX 1650 Ti,block,triton_fused,1,float32,"void at::native::elementwise_kernel<(int)128, (int)2, void at::native::gpu_kernel_impl_nocast<at::native::direct_copy_kernel_cuda(at::TensorIteratorBase &)::[lambda() (instance 3)]::operator ()() const::[lambda() (instance 7)]::operator ()() const::[lambda(float) (instance 1)]>(at::TensorIteratorBase &, const T1 &)::[lambda(int) (instance 1)]>(int, T3)",sm__warps_active.avg.pct_of_peak_sustained_active,%,36.44
2026-08-17T13:51:10.239718+00:00,42e1a3f,NVIDIA GeForce GTX 1650 Ti,block,triton_fused,1,float32,_flash_kernel,dram__bytes_read.sum,byte,241440
2026-08-17T13:51:10.239718+00:00,42e1a3f,NVIDIA GeForce GTX 1650 Ti,block,triton_fused,1,float32,_flash_kernel,dram__bytes_write.sum,byte,41440
2026-08-17T13:51:10.239718+00:00,42e1a3f,NVIDIA GeForce GTX 1650 Ti,block,triton_fused,1,float32,_flash_kernel,l1tex__t_bytes_pipe_lsu_mem_local_op_ld.sum,byte,310272
2026-08-17T13:51:10.239718+00:00,42e1a3f,NVIDIA GeForce GTX 1650 Ti,block,triton_fused,1,float32,_flash_kernel,l1tex__t_bytes_pipe_lsu_mem_local_op_st.sum,byte,162816
2026-08-17T13:51:10.239718+00:00,42e1a3f,NVIDIA GeForce GTX 1650 Ti,block,triton_fused,1,float32,_flash_kernel,l1tex__t_sector_hit_rate.pct,%,36.64
2026-08-17T13:51:10.239718+00:00,42e1a3f,NVIDIA GeForce GTX 1650 Ti,block,triton_fused,1,float32,_flash_kernel,launch__registers_per_thread,register/thread,255
2026-08-17T13:51:10.239718+00:00,42e1a3f,NVIDIA GeForce GTX 1650 Ti,block,triton_fused,1,float32,_flash_kernel,sm__warps_active.avg.pct_of_peak_sustained_active,%,12.49
2026-08-17T13:51:10.239718+00:00,42e1a3f,NVIDIA GeForce GTX 1650 Ti,block,triton_fused,1,float32,"void at::native::elementwise_kernel<(int)128, (int)2, void at::native::gpu_kernel_impl_nocast<at::native::direct_copy_kernel_cuda(at::TensorIteratorBase &)::[lambda() (instance 3)]::operator ()() const::[lambda() (instance 7)]::operator ()() const::[lambda(float) (instance 1)]>(at::TensorIteratorBase &, const T1 &)::[lambda(int) (instance 1)]>(int, T3)",dram__bytes_read.sum,byte,59584
2026-08-17T13:51:10.239718+00:00,42e1a3f,NVIDIA GeForce GTX 1650 Ti,block,triton_fused,1,float32,"void at::native::elementwise_kernel<(int)128, (int)2, void at::native::gpu_kernel_impl_nocast<at::native::direct_copy_kernel_cuda(at::TensorIteratorBase &)::[lambda() (instance 3)]::operator ()() const::[lambda() (instance 7)]::operator ()() const::[lambda(float) (instance 1)]>(at::TensorIteratorBase &, const T1 &)::[lambda(int) (instance 1)]>(int, T3)",dram__bytes_write.sum,byte,6976
2026-08-17T13:51:10.239718+00:00,42e1a3f,NVIDIA GeForce GTX 1650 Ti,block,triton_fused,1,float32,"void at::native::elementwise_kernel<(int)128, (int)2, void at::native::gpu_kernel_impl_nocast<at::native::direct_copy_kernel_cuda(at::TensorIteratorBase &)::[lambda() (instance 3)]::operator ()() const::[lambda() (instance 7)]::operator ()() const::[lambda(float) (instance 1)]>(at::TensorIteratorBase &, const T1 &)::[lambda(int) (instance 1)]>(int, T3)",l1tex__t_bytes_pipe_lsu_mem_local_op_ld.sum,byte,0
2026-08-17T13:51:10.239718+00:00,42e1a3f,NVIDIA GeForce GTX 1650 Ti,block,triton_fused,1,float32,"void at::native::elementwise_kernel<(int)128, (int)2, void at::native::gpu_kernel_impl_nocast<at::native::direct_copy_kernel_cuda(at::TensorIteratorBase &)::[lambda() (instance 3)]::operator ()() const::[lambda() (instance 7)]::operator ()() const::[lambda(float) (instance 1)]>(at::TensorIteratorBase &, const T1 &)::[lambda(int) (instance 1)]>(int, T3)",l1tex__t_bytes_pipe_lsu_mem_local_op_st.sum,byte,0
2026-08-17T13:51:10.239718+00:00,42e1a3f,NVIDIA GeForce GTX 1650 Ti,block,triton_fused,1,float32,"void at::native::elementwise_kernel<(int)128, (int)2, void at::native::gpu_kernel_impl_nocast<at::native::direct_copy_kernel_cuda(at::TensorIteratorBase &)::[lambda() (instance 3)]::operator ()() const::[lambda() (instance 7)]::operator ()() const::[lambda(float) (instance 1)]>(at::TensorIteratorBase &, const T1 &)::[lambda(int) (instance 1)]>(int, T3)",l1tex__t_sector_hit_rate.pct,%,0
2026-08-17T13:51:10.239718+00:00,42e1a3f,NVIDIA GeForce GTX 1650 Ti,block,triton_fused,1,float32,"void at::native::elementwise_kernel<(int)128, (int)2, void at::native::gpu_kernel_impl_nocast<at::native::direct_copy_kernel_cuda(at::TensorIteratorBase &)::[lambda() (instance 3)]::operator ()() const::[lambda() (instance 7)]::operator ()() const::[lambda(float) (instance 1)]>(at::TensorIteratorBase &, const T1 &)::[lambda(int) (instance 1)]>(int, T3)",launch__registers_per_thread,register/thread,16
2026-08-17T13:51:10.239718+00:00,42e1a3f,NVIDIA GeForce GTX 1650 Ti,block,triton_fused,1,float32,"void at::native::elementwise_kernel<(int)128, (int)2, void at::native::gpu_kernel_impl_nocast<at::native::direct_copy_kernel_cuda(at::TensorIteratorBase &)::[lambda() (instance 3)]::operator ()() const::[lambda() (instance 7)]::operator ()() const::[lambda(float) (instance 1)]>(at::TensorIteratorBase &, const T1 &)::[lambda(int) (instance 1)]>(int, T3)",sm__warps_active.avg.pct_of_peak_sustained_active,%,36.61
2026-08-17T13:51:10.239718+00:00,42e1a3f,NVIDIA GeForce GTX 1650 Ti,block,triton_fused,1,float32,_linear_kernel,dram__bytes_read.sum,byte,223904
2026-08-17T13:51:10.239718+00:00,42e1a3f,NVIDIA GeForce GTX 1650 Ti,block,triton_fused,1,float32,_linear_kernel,dram__bytes_write.sum,byte,23008
2026-08-17T13:51:10.239718+00:00,42e1a3f,NVIDIA GeForce GTX 1650 Ti,block,triton_fused,1,float32,_linear_kernel,l1tex__t_bytes_pipe_lsu_mem_local_op_ld.sum,byte,0
2026-08-17T13:51:10.239718+00:00,42e1a3f,NVIDIA GeForce GTX 1650 Ti,block,triton_fused,1,float32,_linear_kernel,l1tex__t_bytes_pipe_lsu_mem_local_op_st.sum,byte,0
2026-08-17T13:51:10.239718+00:00,42e1a3f,NVIDIA GeForce GTX 1650 Ti,block,triton_fused,1,float32,_linear_kernel,l1tex__t_sector_hit_rate.pct,%,0.66
2026-08-17T13:51:10.239718+00:00,42e1a3f,NVIDIA GeForce GTX 1650 Ti,block,triton_fused,1,float32,_linear_kernel,launch__registers_per_thread,register/thread,128
2026-08-17T13:51:10.239718+00:00,42e1a3f,NVIDIA GeForce GTX 1650 Ti,block,triton_fused,1,float32,_linear_kernel,sm__warps_active.avg.pct_of_peak_sustained_active,%,12.49
2026-08-17T13:51:10.239718+00:00,42e1a3f,NVIDIA GeForce GTX 1650 Ti,block,triton_fused,1,float32,_layernorm_residual_kernel,dram__bytes_read.sum,byte,104352
2026-08-17T13:51:10.239718+00:00,42e1a3f,NVIDIA GeForce GTX 1650 Ti,block,triton_fused,1,float32,_layernorm_residual_kernel,dram__bytes_write.sum,byte,17696
2026-08-17T13:51:10.239718+00:00,42e1a3f,NVIDIA GeForce GTX 1650 Ti,block,triton_fused,1,float32,_layernorm_residual_kernel,l1tex__t_bytes_pipe_lsu_mem_local_op_ld.sum,byte,0
2026-08-17T13:51:10.239718+00:00,42e1a3f,NVIDIA GeForce GTX 1650 Ti,block,triton_fused,1,float32,_layernorm_residual_kernel,l1tex__t_bytes_pipe_lsu_mem_local_op_st.sum,byte,0
2026-08-17T13:51:10.239718+00:00,42e1a3f,NVIDIA GeForce GTX 1650 Ti,block,triton_fused,1,float32,_layernorm_residual_kernel,l1tex__t_sector_hit_rate.pct,%,25
2026-08-17T13:51:10.239718+00:00,42e1a3f,NVIDIA GeForce GTX 1650 Ti,block,triton_fused,1,float32,_layernorm_residual_kernel,launch__registers_per_thread,register/thread,27
2026-08-17T13:51:10.239718+00:00,42e1a3f,NVIDIA GeForce GTX 1650 Ti,block,triton_fused,1,float32,_layernorm_residual_kernel,sm__warps_active.avg.pct_of_peak_sustained_active,%,47.99
2026-08-17T13:51:10.239718+00:00,42e1a3f,NVIDIA GeForce GTX 1650 Ti,block,triton_fused,1,float32,_mlp_fused_kernel,dram__bytes_read.sum,byte,1314752
2026-08-17T13:51:10.239718+00:00,42e1a3f,NVIDIA GeForce GTX 1650 Ti,block,triton_fused,1,float32,_mlp_fused_kernel,dram__bytes_write.sum,byte,206464
2026-08-17T13:51:10.239718+00:00,42e1a3f,NVIDIA GeForce GTX 1650 Ti,block,triton_fused,1,float32,_mlp_fused_kernel,l1tex__t_bytes_pipe_lsu_mem_local_op_ld.sum,byte,0
2026-08-17T13:51:10.239718+00:00,42e1a3f,NVIDIA GeForce GTX 1650 Ti,block,triton_fused,1,float32,_mlp_fused_kernel,l1tex__t_bytes_pipe_lsu_mem_local_op_st.sum,byte,0
2026-08-17T13:51:10.239718+00:00,42e1a3f,NVIDIA GeForce GTX 1650 Ti,block,triton_fused,1,float32,_mlp_fused_kernel,l1tex__t_sector_hit_rate.pct,%,1.75
2026-08-17T13:51:10.239718+00:00,42e1a3f,NVIDIA GeForce GTX 1650 Ti,block,triton_fused,1,float32,_mlp_fused_kernel,launch__registers_per_thread,register/thread,226
2026-08-17T13:51:10.239718+00:00,42e1a3f,NVIDIA GeForce GTX 1650 Ti,block,triton_fused,1,float32,_mlp_fused_kernel,sm__warps_active.avg.pct_of_peak_sustained_active,%,25.00
2026-08-17T13:51:10.239718+00:00,42e1a3f,NVIDIA GeForce GTX 1650 Ti,block,triton_fused,1,float32,"void at::native::vectorized_elementwise_kernel<(int)4, at::native::CUDAFunctor_add<float>, std::array<char *, (unsigned long)3>>(int, T2, T3)",dram__bytes_read.sum,byte,103872
2026-08-17T13:51:10.239718+00:00,42e1a3f,NVIDIA GeForce GTX 1650 Ti,block,triton_fused,1,float32,"void at::native::vectorized_elementwise_kernel<(int)4, at::native::CUDAFunctor_add<float>, std::array<char *, (unsigned long)3>>(int, T2, T3)",dram__bytes_write.sum,byte,11456
2026-08-17T13:51:10.239718+00:00,42e1a3f,NVIDIA GeForce GTX 1650 Ti,block,triton_fused,1,float32,"void at::native::vectorized_elementwise_kernel<(int)4, at::native::CUDAFunctor_add<float>, std::array<char *, (unsigned long)3>>(int, T2, T3)",l1tex__t_bytes_pipe_lsu_mem_local_op_ld.sum,byte,0
2026-08-17T13:51:10.239718+00:00,42e1a3f,NVIDIA GeForce GTX 1650 Ti,block,triton_fused,1,float32,"void at::native::vectorized_elementwise_kernel<(int)4, at::native::CUDAFunctor_add<float>, std::array<char *, (unsigned long)3>>(int, T2, T3)",l1tex__t_bytes_pipe_lsu_mem_local_op_st.sum,byte,0
2026-08-17T13:51:10.239718+00:00,42e1a3f,NVIDIA GeForce GTX 1650 Ti,block,triton_fused,1,float32,"void at::native::vectorized_elementwise_kernel<(int)4, at::native::CUDAFunctor_add<float>, std::array<char *, (unsigned long)3>>(int, T2, T3)",l1tex__t_sector_hit_rate.pct,%,0
2026-08-17T13:51:10.239718+00:00,42e1a3f,NVIDIA GeForce GTX 1650 Ti,block,triton_fused,1,float32,"void at::native::vectorized_elementwise_kernel<(int)4, at::native::CUDAFunctor_add<float>, std::array<char *, (unsigned long)3>>(int, T2, T3)",launch__registers_per_thread,register/thread,40
2026-08-17T13:51:10.239718+00:00,42e1a3f,NVIDIA GeForce GTX 1650 Ti,block,triton_fused,1,float32,"void at::native::vectorized_elementwise_kernel<(int)4, at::native::CUDAFunctor_add<float>, std::array<char *, (unsigned long)3>>(int, T2, T3)",sm__warps_active.avg.pct_of_peak_sustained_active,%,12.16
2026-08-17T13:51:10.239718+00:00,42e1a3f,NVIDIA GeForce GTX 1650 Ti,block,triton_fused,1,float32,_layernorm_kernel,dram__bytes_read.sum,byte,55072
2026-08-17T13:51:10.239718+00:00,42e1a3f,NVIDIA GeForce GTX 1650 Ti,block,triton_fused,1,float32,_layernorm_kernel,dram__bytes_write.sum,byte,3136
2026-08-17T13:51:10.239718+00:00,42e1a3f,NVIDIA GeForce GTX 1650 Ti,block,triton_fused,1,float32,_layernorm_kernel,l1tex__t_bytes_pipe_lsu_mem_local_op_ld.sum,byte,0
2026-08-17T13:51:10.239718+00:00,42e1a3f,NVIDIA GeForce GTX 1650 Ti,block,triton_fused,1,float32,_layernorm_kernel,l1tex__t_bytes_pipe_lsu_mem_local_op_st.sum,byte,0
2026-08-17T13:51:10.239718+00:00,42e1a3f,NVIDIA GeForce GTX 1650 Ti,block,triton_fused,1,float32,_layernorm_kernel,l1tex__t_sector_hit_rate.pct,%,37.50
2026-08-17T13:51:10.239718+00:00,42e1a3f,NVIDIA GeForce GTX 1650 Ti,block,triton_fused,1,float32,_layernorm_kernel,launch__registers_per_thread,register/thread,28
2026-08-17T13:51:10.239718+00:00,42e1a3f,NVIDIA GeForce GTX 1650 Ti,block,triton_fused,1,float32,_layernorm_kernel,sm__warps_active.avg.pct_of_peak_sustained_active,%,47.92
2026-08-17T13:51:10.239718+00:00,42e1a3f,NVIDIA GeForce GTX 1650 Ti,block,triton_fused,1,float32,_linear_kernel,dram__bytes_read.sum,byte,523104
2026-08-17T13:51:10.239718+00:00,42e1a3f,NVIDIA GeForce GTX 1650 Ti,block,triton_fused,1,float32,_linear_kernel,dram__bytes_write.sum,byte,87136
2026-08-17T13:51:10.239718+00:00,42e1a3f,NVIDIA GeForce GTX 1650 Ti,block,triton_fused,1,float32,_linear_kernel,l1tex__t_bytes_pipe_lsu_mem_local_op_ld.sum,byte,0
2026-08-17T13:51:10.239718+00:00,42e1a3f,NVIDIA GeForce GTX 1650 Ti,block,triton_fused,1,float32,_linear_kernel,l1tex__t_bytes_pipe_lsu_mem_local_op_st.sum,byte,0
2026-08-17T13:51:10.239718+00:00,42e1a3f,NVIDIA GeForce GTX 1650 Ti,block,triton_fused,1,float32,_linear_kernel,l1tex__t_sector_hit_rate.pct,%,0.66
2026-08-17T13:51:10.239718+00:00,42e1a3f,NVIDIA GeForce GTX 1650 Ti,block,triton_fused,1,float32,_linear_kernel,launch__registers_per_thread,register/thread,128
2026-08-17T13:51:10.239718+00:00,42e1a3f,NVIDIA GeForce GTX 1650 Ti,block,triton_fused,1,float32,_linear_kernel,sm__warps_active.avg.pct_of_peak_sustained_active,%,12.49
2026-08-17T13:51:10.239718+00:00,42e1a3f,NVIDIA GeForce GTX 1650 Ti,block,triton_fused,1,float32,"void at::native::elementwise_kernel<(int)128, (int)2, void at::native::gpu_kernel_impl_nocast<at::native::direct_copy_kernel_cuda(at::TensorIteratorBase &)::[lambda() (instance 3)]::operator ()() const::[lambda() (instance 7)]::operator ()() const::[lambda(float) (instance 1)]>(at::TensorIteratorBase &, const T1 &)::[lambda(int) (instance 1)]>(int, T3)",dram__bytes_read.sum,byte,59648
2026-08-17T13:51:10.239718+00:00,42e1a3f,NVIDIA GeForce GTX 1650 Ti,block,triton_fused,1,float32,"void at::native::elementwise_kernel<(int)128, (int)2, void at::native::gpu_kernel_impl_nocast<at::native::direct_copy_kernel_cuda(at::TensorIteratorBase &)::[lambda() (instance 3)]::operator ()() const::[lambda() (instance 7)]::operator ()() const::[lambda(float) (instance 1)]>(at::TensorIteratorBase &, const T1 &)::[lambda(int) (instance 1)]>(int, T3)",dram__bytes_write.sum,byte,7232
2026-08-17T13:51:10.239718+00:00,42e1a3f,NVIDIA GeForce GTX 1650 Ti,block,triton_fused,1,float32,"void at::native::elementwise_kernel<(int)128, (int)2, void at::native::gpu_kernel_impl_nocast<at::native::direct_copy_kernel_cuda(at::TensorIteratorBase &)::[lambda() (instance 3)]::operator ()() const::[lambda() (instance 7)]::operator ()() const::[lambda(float) (instance 1)]>(at::TensorIteratorBase &, const T1 &)::[lambda(int) (instance 1)]>(int, T3)",l1tex__t_bytes_pipe_lsu_mem_local_op_ld.sum,byte,0
2026-08-17T13:51:10.239718+00:00,42e1a3f,NVIDIA GeForce GTX 1650 Ti,block,triton_fused,1,float32,"void at::native::elementwise_kernel<(int)128, (int)2, void at::native::gpu_kernel_impl_nocast<at::native::direct_copy_kernel_cuda(at::TensorIteratorBase &)::[lambda() (instance 3)]::operator ()() const::[lambda() (instance 7)]::operator ()() const::[lambda(float) (instance 1)]>(at::TensorIteratorBase &, const T1 &)::[lambda(int) (instance 1)]>(int, T3)",l1tex__t_bytes_pipe_lsu_mem_local_op_st.sum,byte,0
2026-08-17T13:51:10.239718+00:00,42e1a3f,NVIDIA GeForce GTX 1650 Ti,block,triton_fused,1,float32,"void at::native::elementwise_kernel<(int)128, (int)2, void at::native::gpu_kernel_impl_nocast<at::native::direct_copy_kernel_cuda(at::TensorIteratorBase &)::[lambda() (instance 3)]::operator ()() const::[lambda() (instance 7)]::operator ()() const::[lambda(float) (instance 1)]>(at::TensorIteratorBase &, const T1 &)::[lambda(int) (instance 1)]>(int, T3)",l1tex__t_sector_hit_rate.pct,%,0
2026-08-17T13:51:10.239718+00:00,42e1a3f,NVIDIA GeForce GTX 1650 Ti,block,triton_fused,1,float32,"void at::native::elementwise_kernel<(int)128, (int)2, void at::native::gpu_kernel_impl_nocast<at::native::direct_copy_kernel_cuda(at::TensorIteratorBase &)::[lambda() (instance 3)]::operator ()() const::[lambda() (instance 7)]::operator ()() const::[lambda(float) (instance 1)]>(at::TensorIteratorBase &, const T1 &)::[lambda(int) (instance 1)]>(int, T3)",launch__registers_per_thread,register/thread,16
2026-08-17T13:51:10.239718+00:00,42e1a3f,NVIDIA GeForce GTX 1650 Ti,block,triton_fused,1,float32,"void at::native::elementwise_kernel<(int)128, (int)2, void at::native::gpu_kernel_impl_nocast<at::native::direct_copy_kernel_cuda(at::TensorIteratorBase &)::[lambda() (instance 3)]::operator ()() const::[lambda() (instance 7)]::operator ()() const::[lambda(float) (instance 1)]>(at::TensorIteratorBase &, const T1 &)::[lambda(int) (instance 1)]>(int, T3)",sm__warps_active.avg.pct_of_peak_sustained_active,%,36.74
2026-08-17T13:51:16.953111+00:00,42e1a3f,NVIDIA GeForce GTX 1650 Ti,block,triton_fused,512,float32,"void at::native::elementwise_kernel<(int)128, (int)2, void at::native::gpu_kernel_impl_nocast<at::native::direct_copy_kernel_cuda(at::TensorIteratorBase &)::[lambda() (instance 3)]::operator ()() const::[lambda() (instance 7)]::operator ()() const::[lambda(float) (instance 1)]>(at::TensorIteratorBase &, const T1 &)::[lambda(int) (instance 1)]>(int, T3)",dram__bytes_read.sum,byte,25217696
2026-08-17T13:51:16.953111+00:00,42e1a3f,NVIDIA GeForce GTX 1650 Ti,block,triton_fused,512,float32,"void at::native::elementwise_kernel<(int)128, (int)2, void at::native::gpu_kernel_impl_nocast<at::native::direct_copy_kernel_cuda(at::TensorIteratorBase &)::[lambda() (instance 3)]::operator ()() const::[lambda() (instance 7)]::operator ()() const::[lambda(float) (instance 1)]>(at::TensorIteratorBase &, const T1 &)::[lambda(int) (instance 1)]>(int, T3)",dram__bytes_write.sum,byte,24919136
2026-08-17T13:51:16.953111+00:00,42e1a3f,NVIDIA GeForce GTX 1650 Ti,block,triton_fused,512,float32,"void at::native::elementwise_kernel<(int)128, (int)2, void at::native::gpu_kernel_impl_nocast<at::native::direct_copy_kernel_cuda(at::TensorIteratorBase &)::[lambda() (instance 3)]::operator ()() const::[lambda() (instance 7)]::operator ()() const::[lambda(float) (instance 1)]>(at::TensorIteratorBase &, const T1 &)::[lambda(int) (instance 1)]>(int, T3)",l1tex__t_bytes_pipe_lsu_mem_local_op_ld.sum,byte,0
2026-08-17T13:51:16.953111+00:00,42e1a3f,NVIDIA GeForce GTX 1650 Ti,block,triton_fused,512,float32,"void at::native::elementwise_kernel<(int)128, (int)2, void at::native::gpu_kernel_impl_nocast<at::native::direct_copy_kernel_cuda(at::TensorIteratorBase &)::[lambda() (instance 3)]::operator ()() const::[lambda() (instance 7)]::operator ()() const::[lambda(float) (instance 1)]>(at::TensorIteratorBase &, const T1 &)::[lambda(int) (instance 1)]>(int, T3)",l1tex__t_bytes_pipe_lsu_mem_local_op_st.sum,byte,0
2026-08-17T13:51:16.953111+00:00,42e1a3f,NVIDIA GeForce GTX 1650 Ti,block,triton_fused,512,float32,"void at::native::elementwise_kernel<(int)128, (int)2, void at::native::gpu_kernel_impl_nocast<at::native::direct_copy_kernel_cuda(at::TensorIteratorBase &)::[lambda() (instance 3)]::operator ()() const::[lambda() (instance 7)]::operator ()() const::[lambda(float) (instance 1)]>(at::TensorIteratorBase &, const T1 &)::[lambda(int) (instance 1)]>(int, T3)",l1tex__t_sector_hit_rate.pct,%,0
2026-08-17T13:51:16.953111+00:00,42e1a3f,NVIDIA GeForce GTX 1650 Ti,block,triton_fused,512,float32,"void at::native::elementwise_kernel<(int)128, (int)2, void at::native::gpu_kernel_impl_nocast<at::native::direct_copy_kernel_cuda(at::TensorIteratorBase &)::[lambda() (instance 3)]::operator ()() const::[lambda() (instance 7)]::operator ()() const::[lambda(float) (instance 1)]>(at::TensorIteratorBase &, const T1 &)::[lambda(int) (instance 1)]>(int, T3)",launch__registers_per_thread,register/thread,16
2026-08-17T13:51:16.953111+00:00,42e1a3f,NVIDIA GeForce GTX 1650 Ti,block,triton_fused,512,float32,"void at::native::elementwise_kernel<(int)128, (int)2, void at::native::gpu_kernel_impl_nocast<at::native::direct_copy_kernel_cuda(at::TensorIteratorBase &)::[lambda() (instance 3)]::operator ()() const::[lambda() (instance 7)]::operator ()() const::[lambda(float) (instance 1)]>(at::TensorIteratorBase &, const T1 &)::[lambda(int) (instance 1)]>(int, T3)",sm__warps_active.avg.pct_of_peak_sustained_active,%,90.80
2026-08-17T13:51:16.953111+00:00,42e1a3f,NVIDIA GeForce GTX 1650 Ti,block,triton_fused,512,float32,"void at::native::elementwise_kernel<(int)128, (int)2, void at::native::gpu_kernel_impl_nocast<at::native::direct_copy_kernel_cuda(at::TensorIteratorBase &)::[lambda() (instance 3)]::operator ()() const::[lambda() (instance 7)]::operator ()() const::[lambda(float) (instance 1)]>(at::TensorIteratorBase &, const T1 &)::[lambda(int) (instance 1)]>(int, T3)",dram__bytes_read.sum,byte,25217856
2026-08-17T13:51:16.953111+00:00,42e1a3f,NVIDIA GeForce GTX 1650 Ti,block,triton_fused,512,float32,"void at::native::elementwise_kernel<(int)128, (int)2, void at::native::gpu_kernel_impl_nocast<at::native::direct_copy_kernel_cuda(at::TensorIteratorBase &)::[lambda() (instance 3)]::operator ()() const::[lambda() (instance 7)]::operator ()() const::[lambda(float) (instance 1)]>(at::TensorIteratorBase &, const T1 &)::[lambda(int) (instance 1)]>(int, T3)",dram__bytes_write.sum,byte,24879104
2026-08-17T13:51:16.953111+00:00,42e1a3f,NVIDIA GeForce GTX 1650 Ti,block,triton_fused,512,float32,"void at::native::elementwise_kernel<(int)128, (int)2, void at::native::gpu_kernel_impl_nocast<at::native::direct_copy_kernel_cuda(at::TensorIteratorBase &)::[lambda() (instance 3)]::operator ()() const::[lambda() (instance 7)]::operator ()() const::[lambda(float) (instance 1)]>(at::TensorIteratorBase &, const T1 &)::[lambda(int) (instance 1)]>(int, T3)",l1tex__t_bytes_pipe_lsu_mem_local_op_ld.sum,byte,0
2026-08-17T13:51:16.953111+00:00,42e1a3f,NVIDIA GeForce GTX 1650 Ti,block,triton_fused,512,float32,"void at::native::elementwise_kernel<(int)128, (int)2, void at::native::gpu_kernel_impl_nocast<at::native::direct_copy_kernel_cuda(at::TensorIteratorBase &)::[lambda() (instance 3)]::operator ()() const::[lambda() (instance 7)]::operator ()() const::[lambda(float) (instance 1)]>(at::TensorIteratorBase &, const T1 &)::[lambda(int) (instance 1)]>(int, T3)",l1tex__t_bytes_pipe_lsu_mem_local_op_st.sum,byte,0
2026-08-17T13:51:16.953111+00:00,42e1a3f,NVIDIA GeForce GTX 1650 Ti,block,triton_fused,512,float32,"void at::native::elementwise_kernel<(int)128, (int)2, void at::native::gpu_kernel_impl_nocast<at::native::direct_copy_kernel_cuda(at::TensorIteratorBase &)::[lambda() (instance 3)]::operator ()() const::[lambda() (instance 7)]::operator ()() const::[lambda(float) (instance 1)]>(at::TensorIteratorBase &, const T1 &)::[lambda(int) (instance 1)]>(int, T3)",l1tex__t_sector_hit_rate.pct,%,0
2026-08-17T13:51:16.953111+00:00,42e1a3f,NVIDIA GeForce GTX 1650 Ti,block,triton_fused,512,float32,"void at::native::elementwise_kernel<(int)128, (int)2, void at::native::gpu_kernel_impl_nocast<at::native::direct_copy_kernel_cuda(at::TensorIteratorBase &)::[lambda() (instance 3)]::operator ()() const::[lambda() (instance 7)]::operator ()() const::[lambda(float) (instance 1)]>(at::TensorIteratorBase &, const T1 &)::[lambda(int) (instance 1)]>(int, T3)",launch__registers_per_thread,register/thread,16
2026-08-17T13:51:16.953111+00:00,42e1a3f,NVIDIA GeForce GTX 1650 Ti,block,triton_fused,512,float32,"void at::native::elementwise_kernel<(int)128, (int)2, void at::native::gpu_kernel_impl_nocast<at::native::direct_copy_kernel_cuda(at::TensorIteratorBase &)::[lambda() (instance 3)]::operator ()() const::[lambda() (instance 7)]::operator ()() const::[lambda(float) (instance 1)]>(at::TensorIteratorBase &, const T1 &)::[lambda(int) (instance 1)]>(int, T3)",sm__warps_active.avg.pct_of_peak_sustained_active,%,90.71
2026-08-17T13:51:16.953111+00:00,42e1a3f,NVIDIA GeForce GTX 1650 Ti,block,triton_fused,512,float32,_flash_kernel,dram__bytes_read.sum,byte,84581696
2026-08-17T13:51:16.953111+00:00,42e1a3f,NVIDIA GeForce GTX 1650 Ti,block,triton_fused,512,float32,_flash_kernel,dram__bytes_write.sum,byte,107780416
2026-08-17T13:51:16.953111+00:00,42e1a3f,NVIDIA GeForce GTX 1650 Ti,block,triton_fused,512,float32,_flash_kernel,l1tex__t_bytes_pipe_lsu_mem_local_op_ld.sum,byte,158859264
2026-08-17T13:51:16.953111+00:00,42e1a3f,NVIDIA GeForce GTX 1650 Ti,block,triton_fused,512,float32,_flash_kernel,l1tex__t_bytes_pipe_lsu_mem_local_op_st.sum,byte,83361792
2026-08-17T13:51:16.953111+00:00,42e1a3f,NVIDIA GeForce GTX 1650 Ti,block,triton_fused,512,float32,_flash_kernel,l1tex__t_sector_hit_rate.pct,%,34.97
2026-08-17T13:51:16.953111+00:00,42e1a3f,NVIDIA GeForce GTX 1650 Ti,block,triton_fused,512,float32,_flash_kernel,launch__registers_per_thread,register/thread,255
2026-08-17T13:51:16.953111+00:00,42e1a3f,NVIDIA GeForce GTX 1650 Ti,block,triton_fused,512,float32,_flash_kernel,sm__warps_active.avg.pct_of_peak_sustained_active,%,12.48
2026-08-17T13:51:16.953111+00:00,42e1a3f,NVIDIA GeForce GTX 1650 Ti,block,triton_fused,512,float32,"void at::native::elementwise_kernel<(int)128, (int)2, void at::native::gpu_kernel_impl_nocast<at::native::direct_copy_kernel_cuda(at::TensorIteratorBase &)::[lambda() (instance 3)]::operator ()() const::[lambda() (instance 7)]::operator ()() const::[lambda(float) (instance 1)]>(at::TensorIteratorBase &, const T1 &)::[lambda(int) (instance 1)]>(int, T3)",dram__bytes_read.sum,byte,25235648
2026-08-17T13:51:16.953111+00:00,42e1a3f,NVIDIA GeForce GTX 1650 Ti,block,triton_fused,512,float32,"void at::native::elementwise_kernel<(int)128, (int)2, void at::native::gpu_kernel_impl_nocast<at::native::direct_copy_kernel_cuda(at::TensorIteratorBase &)::[lambda() (instance 3)]::operator ()() const::[lambda() (instance 7)]::operator ()() const::[lambda(float) (instance 1)]>(at::TensorIteratorBase &, const T1 &)::[lambda(int) (instance 1)]>(int, T3)",dram__bytes_write.sum,byte,24841984
2026-08-17T13:51:16.953111+00:00,42e1a3f,NVIDIA GeForce GTX 1650 Ti,block,triton_fused,512,float32,"void at::native::elementwise_kernel<(int)128, (int)2, void at::native::gpu_kernel_impl_nocast<at::native::direct_copy_kernel_cuda(at::TensorIteratorBase &)::[lambda() (instance 3)]::operator ()() const::[lambda() (instance 7)]::operator ()() const::[lambda(float) (instance 1)]>(at::TensorIteratorBase &, const T1 &)::[lambda(int) (instance 1)]>(int, T3)",l1tex__t_bytes_pipe_lsu_mem_local_op_ld.sum,byte,0
2026-08-17T13:51:16.953111+00:00,42e1a3f,NVIDIA GeForce GTX 1650 Ti,block,triton_fused,512,float32,"void at::native::elementwise_kernel<(int)128, (int)2, void at::native::gpu_kernel_impl_nocast<at::native::direct_copy_kernel_cuda(at::TensorIteratorBase &)::[lambda() (instance 3)]::operator ()() const::[lambda() (instance 7)]::operator ()() const::[lambda(float) (instance 1)]>(at::TensorIteratorBase &, const T1 &)::[lambda(int) (instance 1)]>(int, T3)",l1tex__t_bytes_pipe_lsu_mem_local_op_st.sum,byte,0
2026-08-17T13:51:16.953111+00:00,42e1a3f,NVIDIA GeForce GTX 1650 Ti,block,triton_fused,512,float32,"void at::native::elementwise_kernel<(int)128, (int)2, void at::native::gpu_kernel_impl_nocast<at::native::direct_copy_kernel_cuda(at::TensorIteratorBase &)::[lambda() (instance 3)]::operator ()() const::[lambda() (instance 7)]::operator ()() const::[lambda(float) (instance 1)]>(at::TensorIteratorBase &, const T1 &)::[lambda(int) (instance 1)]>(int, T3)",l1tex__t_sector_hit_rate.pct,%,0
2026-08-17T13:51:16.953111+00:00,42e1a3f,NVIDIA GeForce GTX 1650 Ti,block,triton_fused,512,float32,"void at::native::elementwise_kernel<(int)128, (int)2, void at::native::gpu_kernel_impl_nocast<at::native::direct_copy_kernel_cuda(at::TensorIteratorBase &)::[lambda() (instance 3)]::operator ()() const::[lambda() (instance 7)]::operator ()() const::[lambda(float) (instance 1)]>(at::TensorIteratorBase &, const T1 &)::[lambda(int) (instance 1)]>(int, T3)",launch__registers_per_thread,register/thread,16
2026-08-17T13:51:16.953111+00:00,42e1a3f,NVIDIA GeForce GTX 1650 Ti,block,triton_fused,512,float32,"void at::native::elementwise_kernel<(int)128, (int)2, void at::native::gpu_kernel_impl_nocast<at::native::direct_copy_kernel_cuda(at::TensorIteratorBase &)::[lambda() (instance 3)]::operator ()() const::[lambda() (instance 7)]::operator ()() const::[lambda(float) (instance 1)]>(at::TensorIteratorBase &, const T1 &)::[lambda(int) (instance 1)]>(int, T3)",sm__warps_active.avg.pct_of_peak_sustained_active,%,90.84
2026-08-17T13:51:16.953111+00:00,42e1a3f,NVIDIA GeForce GTX 1650 Ti,block,triton_fused,512,float32,_linear_kernel,dram__bytes_read.sum,byte,76246912
2026-08-17T13:51:16.953111+00:00,42e1a3f,NVIDIA GeForce GTX 1650 Ti,block,triton_fused,512,float32,_linear_kernel,dram__bytes_write.sum,byte,24900480
2026-08-17T13:51:16.953111+00:00,42e1a3f,NVIDIA GeForce GTX 1650 Ti,block,triton_fused,512,float32,_linear_kernel,l1tex__t_bytes_pipe_lsu_mem_local_op_ld.sum,byte,0
2026-08-17T13:51:16.953111+00:00,42e1a3f,NVIDIA GeForce GTX 1650 Ti,block,triton_fused,512,float32,_linear_kernel,l1tex__t_bytes_pipe_lsu_mem_local_op_st.sum,byte,0
2026-08-17T13:51:16.953111+00:00,42e1a3f,NVIDIA GeForce GTX 1650 Ti,block,triton_fused,512,float32,_linear_kernel,l1tex__t_sector_hit_rate.pct,%,1.02
2026-08-17T13:51:16.953111+00:00,42e1a3f,NVIDIA GeForce GTX 1650 Ti,block,triton_fused,512,float32,_linear_kernel,launch__registers_per_thread,register/thread,128
2026-08-17T13:51:16.953111+00:00,42e1a3f,NVIDIA GeForce GTX 1650 Ti,block,triton_fused,512,float32,_linear_kernel,sm__warps_active.avg.pct_of_peak_sustained_active,%,49.37
2026-08-17T13:51:16.953111+00:00,42e1a3f,NVIDIA GeForce GTX 1650 Ti,block,triton_fused,512,float32,_layernorm_residual_kernel,dram__bytes_read.sum,byte,50402688
2026-08-17T13:51:16.953111+00:00,42e1a3f,NVIDIA GeForce GTX 1650 Ti,block,triton_fused,512,float32,_layernorm_residual_kernel,dram__bytes_write.sum,byte,50005088
2026-08-17T13:51:16.953111+00:00,42e1a3f,NVIDIA GeForce GTX 1650 Ti,block,triton_fused,512,float32,_layernorm_residual_kernel,l1tex__t_bytes_pipe_lsu_mem_local_op_ld.sum,byte,0
2026-08-17T13:51:16.953111+00:00,42e1a3f,NVIDIA GeForce GTX 1650 Ti,block,triton_fused,512,float32,_layernorm_residual_kernel,l1tex__t_bytes_pipe_lsu_mem_local_op_st.sum,byte,0
2026-08-17T13:51:16.953111+00:00,42e1a3f,NVIDIA GeForce GTX 1650 Ti,block,triton_fused,512,float32,_layernorm_residual_kernel,l1tex__t_sector_hit_rate.pct,%,33.32
2026-08-17T13:51:16.953111+00:00,42e1a3f,NVIDIA GeForce GTX 1650 Ti,block,triton_fused,512,float32,_layernorm_residual_kernel,launch__registers_per_thread,register/thread,27
2026-08-17T13:51:16.953111+00:00,42e1a3f,NVIDIA GeForce GTX 1650 Ti,block,triton_fused,512,float32,_layernorm_residual_kernel,sm__warps_active.avg.pct_of_peak_sustained_active,%,94.16
2026-08-17T13:51:16.953111+00:00,42e1a3f,NVIDIA GeForce GTX 1650 Ti,block,triton_fused,512,float32,_mlp_fused_kernel,dram__bytes_read.sum,byte,177017664
2026-08-17T13:51:16.953111+00:00,42e1a3f,NVIDIA GeForce GTX 1650 Ti,block,triton_fused,512,float32,_mlp_fused_kernel,dram__bytes_write.sum,byte,25199104
2026-08-17T13:51:16.953111+00:00,42e1a3f,NVIDIA GeForce GTX 1650 Ti,block,triton_fused,512,float32,_mlp_fused_kernel,l1tex__t_bytes_pipe_lsu_mem_local_op_ld.sum,byte,0
2026-08-17T13:51:16.953111+00:00,42e1a3f,NVIDIA GeForce GTX 1650 Ti,block,triton_fused,512,float32,_mlp_fused_kernel,l1tex__t_bytes_pipe_lsu_mem_local_op_st.sum,byte,0
2026-08-17T13:51:16.953111+00:00,42e1a3f,NVIDIA GeForce GTX 1650 Ti,block,triton_fused,512,float32,_mlp_fused_kernel,l1tex__t_sector_hit_rate.pct,%,1.75
2026-08-17T13:51:16.953111+00:00,42e1a3f,NVIDIA GeForce GTX 1650 Ti,block,triton_fused,512,float32,_mlp_fused_kernel,launch__registers_per_thread,register/thread,226
2026-08-17T13:51:16.953111+00:00,42e1a3f,NVIDIA GeForce GTX 1650 Ti,block,triton_fused,512,float32,_mlp_fused_kernel,sm__warps_active.avg.pct_of_peak_sustained_active,%,25.00
2026-08-17T13:51:16.953111+00:00,42e1a3f,NVIDIA GeForce GTX 1650 Ti,block,triton_fused,512,float32,"void at::native::vectorized_elementwise_kernel<(int)4, at::native::CUDAFunctor_add<float>, std::array<char *, (unsigned long)3>>(int, T2, T3)",dram__bytes_read.sum,byte,50355136
2026-08-17T13:51:16.953111+00:00,42e1a3f,NVIDIA GeForce GTX 1650 Ti,block,triton_fused,512,float32,"void at::native::vectorized_elementwise_kernel<(int)4, at::native::CUDAFunctor_add<float>, std::array<char *, (unsigned long)3>>(int, T2, T3)",dram__bytes_write.sum,byte,24906464
2026-08-17T13:51:16.953111+00:00,42e1a3f,NVIDIA GeForce GTX 1650 Ti,block,triton_fused,512,float32,"void at::native::vectorized_elementwise_kernel<(int)4, at::native::CUDAFunctor_add<float>, std::array<char *, (unsigned long)3>>(int, T2, T3)",l1tex__t_bytes_pipe_lsu_mem_local_op_ld.sum,byte,0
2026-08-17T13:51:16.953111+00:00,42e1a3f,NVIDIA GeForce GTX 1650 Ti,block,triton_fused,512,float32,"void at::native::vectorized_elementwise_kernel<(int)4, at::native::CUDAFunctor_add<float>, std::array<char *, (unsigned long)3>>(int, T2, T3)",l1tex__t_bytes_pipe_lsu_mem_local_op_st.sum,byte,0
2026-08-17T13:51:16.953111+00:00,42e1a3f,NVIDIA GeForce GTX 1650 Ti,block,triton_fused,512,float32,"void at::native::vectorized_elementwise_kernel<(int)4, at::native::CUDAFunctor_add<float>, std::array<char *, (unsigned long)3>>(int, T2, T3)",l1tex__t_sector_hit_rate.pct,%,0
2026-08-17T13:51:16.953111+00:00,42e1a3f,NVIDIA GeForce GTX 1650 Ti,block,triton_fused,512,float32,"void at::native::vectorized_elementwise_kernel<(int)4, at::native::CUDAFunctor_add<float>, std::array<char *, (unsigned long)3>>(int, T2, T3)",launch__registers_per_thread,register/thread,40
2026-08-17T13:51:16.953111+00:00,42e1a3f,NVIDIA GeForce GTX 1650 Ti,block,triton_fused,512,float32,"void at::native::vectorized_elementwise_kernel<(int)4, at::native::CUDAFunctor_add<float>, std::array<char *, (unsigned long)3>>(int, T2, T3)",sm__warps_active.avg.pct_of_peak_sustained_active,%,82.89
2026-08-17T13:51:16.953111+00:00,42e1a3f,NVIDIA GeForce GTX 1650 Ti,block,triton_fused,512,float32,_layernorm_kernel,dram__bytes_read.sum,byte,25268960
2026-08-17T13:51:16.953111+00:00,42e1a3f,NVIDIA GeForce GTX 1650 Ti,block,triton_fused,512,float32,_layernorm_kernel,dram__bytes_write.sum,byte,24870912
2026-08-17T13:51:16.953111+00:00,42e1a3f,NVIDIA GeForce GTX 1650 Ti,block,triton_fused,512,float32,_layernorm_kernel,l1tex__t_bytes_pipe_lsu_mem_local_op_ld.sum,byte,0
2026-08-17T13:51:16.953111+00:00,42e1a3f,NVIDIA GeForce GTX 1650 Ti,block,triton_fused,512,float32,_layernorm_kernel,l1tex__t_bytes_pipe_lsu_mem_local_op_st.sum,byte,0
2026-08-17T13:51:16.953111+00:00,42e1a3f,NVIDIA GeForce GTX 1650 Ti,block,triton_fused,512,float32,_layernorm_kernel,l1tex__t_sector_hit_rate.pct,%,49.98
2026-08-17T13:51:16.953111+00:00,42e1a3f,NVIDIA GeForce GTX 1650 Ti,block,triton_fused,512,float32,_layernorm_kernel,launch__registers_per_thread,register/thread,28
2026-08-17T13:51:16.953111+00:00,42e1a3f,NVIDIA GeForce GTX 1650 Ti,block,triton_fused,512,float32,_layernorm_kernel,sm__warps_active.avg.pct_of_peak_sustained_active,%,92.28
2026-08-17T13:51:16.953111+00:00,42e1a3f,NVIDIA GeForce GTX 1650 Ti,block,triton_fused,512,float32,_linear_kernel,dram__bytes_read.sum,byte,227753024
2026-08-17T13:51:16.953111+00:00,42e1a3f,NVIDIA GeForce GTX 1650 Ti,block,triton_fused,512,float32,_linear_kernel,dram__bytes_write.sum,byte,75229120
2026-08-17T13:51:16.953111+00:00,42e1a3f,NVIDIA GeForce GTX 1650 Ti,block,triton_fused,512,float32,_linear_kernel,l1tex__t_bytes_pipe_lsu_mem_local_op_ld.sum,byte,0
2026-08-17T13:51:16.953111+00:00,42e1a3f,NVIDIA GeForce GTX 1650 Ti,block,triton_fused,512,float32,_linear_kernel,l1tex__t_bytes_pipe_lsu_mem_local_op_st.sum,byte,0
2026-08-17T13:51:16.953111+00:00,42e1a3f,NVIDIA GeForce GTX 1650 Ti,block,triton_fused,512,float32,_linear_kernel,l1tex__t_sector_hit_rate.pct,%,0.86
2026-08-17T13:51:16.953111+00:00,42e1a3f,NVIDIA GeForce GTX 1650 Ti,block,triton_fused,512,float32,_linear_kernel,launch__registers_per_thread,register/thread,128
2026-08-17T13:51:16.953111+00:00,42e1a3f,NVIDIA GeForce GTX 1650 Ti,block,triton_fused,512,float32,_linear_kernel,sm__warps_active.avg.pct_of_peak_sustained_active,%,49.71
2026-08-17T13:51:16.953111+00:00,42e1a3f,NVIDIA GeForce GTX 1650 Ti,block,triton_fused,512,float32,"void at::native::elementwise_kernel<(int)128, (int)2, void at::native::gpu_kernel_impl_nocast<at::native::direct_copy_kernel_cuda(at::TensorIteratorBase &)::[lambda() (instance 3)]::operator ()() const::[lambda() (instance 7)]::operator ()() const::[lambda(float) (instance 1)]>(at::TensorIteratorBase &, const T1 &)::[lambda(int) (instance 1)]>(int, T3)",dram__bytes_read.sum,byte,25217376
2026-08-17T13:51:16.953111+00:00,42e1a3f,NVIDIA GeForce GTX 1650 Ti,block,triton_fused,512,float32,"void at::native::elementwise_kernel<(int)128, (int)2, void at::native::gpu_kernel_impl_nocast<at::native::direct_copy_kernel_cuda(at::TensorIteratorBase &)::[lambda() (instance 3)]::operator ()() const::[lambda() (instance 7)]::operator ()() const::[lambda(float) (instance 1)]>(at::TensorIteratorBase &, const T1 &)::[lambda(int) (instance 1)]>(int, T3)",dram__bytes_write.sum,byte,24920864
2026-08-17T13:51:16.953111+00:00,42e1a3f,NVIDIA GeForce GTX 1650 Ti,block,triton_fused,512,float32,"void at::native::elementwise_kernel<(int)128, (int)2, void at::native::gpu_kernel_impl_nocast<at::native::direct_copy_kernel_cuda(at::TensorIteratorBase &)::[lambda() (instance 3)]::operator ()() const::[lambda() (instance 7)]::operator ()() const::[lambda(float) (instance 1)]>(at::TensorIteratorBase &, const T1 &)::[lambda(int) (instance 1)]>(int, T3)",l1tex__t_bytes_pipe_lsu_mem_local_op_ld.sum,byte,0
2026-08-17T13:51:16.953111+00:00,42e1a3f,NVIDIA GeForce GTX 1650 Ti,block,triton_fused,512,float32,"void at::native::elementwise_kernel<(int)128, (int)2, void at::native::gpu_kernel_impl_nocast<at::native::direct_copy_kernel_cuda(at::TensorIteratorBase &)::[lambda() (instance 3)]::operator ()() const::[lambda() (instance 7)]::operator ()() const::[lambda(float) (instance 1)]>(at::TensorIteratorBase &, const T1 &)::[lambda(int) (instance 1)]>(int, T3)",l1tex__t_bytes_pipe_lsu_mem_local_op_st.sum,byte,0
2026-08-17T13:51:16.953111+00:00,42e1a3f,NVIDIA GeForce GTX 1650 Ti,block,triton_fused,512,float32,"void at::native::elementwise_kernel<(int)128, (int)2, void at::native::gpu_kernel_impl_nocast<at::native::direct_copy_kernel_cuda(at::TensorIteratorBase &)::[lambda() (instance 3)]::operator ()() const::[lambda() (instance 7)]::operator ()() const::[lambda(float) (instance 1)]>(at::TensorIteratorBase &, const T1 &)::[lambda(int) (instance 1)]>(int, T3)",l1tex__t_sector_hit_rate.pct,%,0
2026-08-17T13:51:16.953111+00:00,42e1a3f,NVIDIA GeForce GTX 1650 Ti,block,triton_fused,512,float32,"void at::native::elementwise_kernel<(int)128, (int)2, void at::native::gpu_kernel_impl_nocast<at::native::direct_copy_kernel_cuda(at::TensorIteratorBase &)::[lambda() (instance 3)]::operator ()() const::[lambda() (instance 7)]::operator ()() const::[lambda(float) (instance 1)]>(at::TensorIteratorBase &, const T1 &)::[lambda(int) (instance 1)]>(int, T3)",launch__registers_per_thread,register/thread,16
2026-08-17T13:51:16.953111+00:00,42e1a3f,NVIDIA GeForce GTX 1650 Ti,block,triton_fused,512,float32,"void at::native::elementwise_kernel<(int)128, (int)2, void at::native::gpu_kernel_impl_nocast<at::native::direct_copy_kernel_cuda(at::TensorIteratorBase &)::[lambda() (instance 3)]::operator ()() const::[lambda() (instance 7)]::operator ()() const::[lambda(float) (instance 1)]>(at::TensorIteratorBase &, const T1 &)::[lambda(int) (instance 1)]>(int, T3)",sm__warps_active.avg.pct_of_peak_sustained_active,%,90.80
